,v1,v2,v3,v4,v5,v6,v7,v8,v9,v10,v11,v12,v13,v14,v15,v16,v17,v18,v19,v20,v21,v22,v23,v24,v25,v26,v27,v28,v29,v30,v31,v32,v33,v34,v35,v36,v37,v38,v39,v40,v41,v42,v43,v44,v45,v46,v47,v48,v49,v50,v51,v52,v53,v54,v55,v56,v57,v58,v59,v60,v61,v62,v63,v64,v65,v66,v67,v68,v69,v70,v71,v72,v73,v74,v75,v76,v77,v78,v79,v80,v81,v82,v83,v84,v85,v86,v87,v88,v89,v90,v91,v92,v93,v94,v95,v96,v97,v98,v99,v100,v101,v102,v103,v104,v105,v106,v107,v108,v109,v110,v111,v112,v113,v114,v115,v116,v117,v118,v119,v120,v121,v122,v123,v124,v125,v126,v127,v128,v129,v130,v131,v132,v133,v134,v135,v136,v137,v138,v139,v140,v141,v142,v143,v144,v145,v146,v147,v148,v149,v150,v151,v152,v153,v154,v155,v156,v157,v158,v159,v160
v1,0,53,40,23,17,45,52,28,30,39,13,52,36,47,49,44,34,51,9,42,17,18,27,21,27,15,10,51,31,38,11,14,38,16,19,24,20,18,40,27,40,24,19,21,22,41,32,16,33,29,46,48,25,48,47,31,22,42,28,7,20,19,16,45,42,18,43,35,20,22,13,50,35,63,20,56,54,38,25,37,28,22,23,19,31,28,21,16,55,34,24,22,3,39,30,19,16,25,19,19,59,12,6,37,27,10,36,33,15,28,27,27,19,26,45,12,37,32,41,26,22,12,33,25,27,10,51,20,20,34,11,19,28,27,23,28,32,35,42,42,20,29,48,40,39,21,58,59,34,27,52,30,31,27,37,19,20,54,11,41
v2,53,0,25,30,70,8,15,31,33,42,40,3,39,6,52,9,19,4,56,45,36,61,50,32,66,60,53,18,46,15,54,51,41,37,66,49,57,71,13,26,43,77,72,70,31,26,21,47,30,54,9,25,50,13,12,22,31,45,25,46,37,72,37,48,45,41,10,20,33,45,40,21,18,10,33,15,57,31,28,36,65,75,30,72,42,27,54,37,16,37,69,31,52,14,49,50,37,28,72,62,6,45,49,34,54,43,17,20,38,25,60,30,72,43,48,61,24,21,44,41,47,65,32,30,80,55,54,33,47,41,46,72,45,30,56,81,29,50,45,11,33,52,51,41,26,32,5,12,37,26,1,23,50,36,40,40,73,1,62,12
v3,40,25,0,29,57,31,12,14,16,27,27,22,14,23,27,24,10,21,43,24,23,48,49,19,53,47,40,11,33,24,41,38,16,38,53,36,44,58,26,45,22,64,59,57,18,1,28,38,7,41,34,8,37,12,13,33,18,20,18,33,24,59,24,33,20,40,33,45,32,44,31,10,13,23,20,16,32,6,15,11,52,62,17,59,53,12,41,32,15,12,56,44,39,23,36,37,28,17,59,49,21,34,36,9,49,30,26,13,25,36,47,15,59,30,23,48,3,32,19,28,34,52,55,47,67,42,29,20,34,56,33,59,50,13,43,68,8,37,22,16,20,51,26,62,1,19,20,19,12,41,24,34,37,49,15,27,60,26,49,37
v4,23,30,29,0,40,22,29,35,37,46,20,29,43,24,56,21,19,28,26,49,12,31,20,10,36,30,23,28,38,15,24,21,45,9,36,31,27,41,17,16,47,47,42,40,29,30,9,17,34,36,23,29,32,25,24,8,25,49,11,16,27,42,23,52,49,11,20,16,3,15,10,27,16,40,25,33,61,35,14,40,35,45,26,42,24,31,28,7,32,41,39,15,22,16,37,26,7,12,42,32,36,15,19,38,24,13,13,16,8,7,34,34,42,33,52,31,28,9,48,33,29,35,26,18,50,25,58,13,27,27,16,42,21,34,30,51,33,42,49,19,11,22,55,33,30,20,35,36,41,12,29,7,38,20,44,26,43,31,32,18
v5,17,70,57,40,0,62,69,43,41,30,30,69,43,64,36,61,51,68,22,33,34,9,40,38,14,28,17,68,24,55,24,27,41,33,6,21,33,21,57,44,35,7,4,8,39,58,49,29,50,16,63,65,20,65,64,48,39,43,45,24,33,18,33,32,37,31,60,52,37,35,30,67,52,80,37,73,41,55,42,54,15,5,40,2,44,45,16,33,72,49,11,39,18,56,21,20,33,42,6,32,76,25,21,54,40,27,53,50,32,45,14,42,10,27,42,9,54,49,38,29,23,17,46,40,10,23,38,37,23,47,24,6,41,44,14,11,49,22,35,59,37,42,35,53,56,38,75,76,51,44,69,47,20,40,50,30,5,71,8,58
v6,45,8,31,22,62,0,21,37,39,48,32,9,45,8,58,7,21,10,48,51,28,53,42,24,58,52,45,24,40,7,46,43,47,29,58,41,49,63,5,18,49,69,64,62,31,32,13,39,36,46,3,31,42,19,18,14,27,51,17,38,29,64,29,54,51,33,2,14,25,37,32,27,18,18,27,21,63,37,20,42,57,67,28,64,34,33,46,29,22,43,61,23,44,8,41,42,29,20,64,54,14,37,41,40,46,35,9,18,30,17,52,36,64,35,54,53,30,13,50,35,39,57,24,22,72,47,60,25,39,33,38,64,37,36,48,73,35,44,51,15,25,44,57,33,32,24,13,18,43,18,7,15,42,28,46,32,65,9,54,6
v7,52,15,12,29,69,21,0,26,28,39,39,12,26,13,37,14,18,11,55,36,35,60,49,31,65,59,52,3,45,14,53,50,28,36,65,48,56,70,16,35,34,76,71,69,30,11,20,46,19,53,24,10,49,4,5,23,30,30,24,45,36,71,36,45,32,40,23,35,32,44,39,6,17,11,32,4,42,16,27,21,64,74,29,71,43,24,53,36,3,22,68,34,51,13,48,49,36,27,71,61,11,44,48,19,53,42,16,19,37,26,59,27,71,42,33,60,15,22,31,40,46,64,45,37,79,54,39,32,46,46,45,71,44,25,55,80,20,49,34,10,32,51,38,52,13,31,10,7,22,31,14,24,49,39,25,39,72,16,61,27
v8,28,31,14,35,43,37,26,0,2,13,15,28,8,29,21,30,16,27,37,14,23,34,55,25,39,43,26,25,19,30,39,42,10,44,39,22,48,44,32,51,12,50,45,43,6,15,34,44,7,27,40,22,23,22,21,39,10,14,24,25,10,45,12,19,14,46,39,51,38,50,37,24,19,37,10,30,26,12,21,11,38,48,9,45,59,4,27,38,29,6,42,50,31,29,22,23,34,23,45,47,33,40,22,11,55,28,32,19,27,42,33,1,45,16,17,34,11,38,13,14,20,38,61,53,53,38,23,22,20,62,39,45,56,1,29,54,6,23,14,22,24,57,20,68,13,15,32,33,8,47,30,40,23,55,9,13,46,32,35,43
v9,30,33,16,37,41,39,28,2,0,11,17,30,6,31,19,32,18,29,39,12,25,32,57,27,37,45,24,27,17,32,41,44,8,46,37,20,50,42,34,53,10,48,43,41,8,17,36,46,9,25,42,24,21,24,23,41,12,12,26,27,10,43,14,17,12,48,41,53,40,52,39,26,21,39,12,32,24,14,23,13,36,46,11,43,61,6,25,40,31,8,40,52,33,31,20,21,36,25,43,49,35,42,24,13,57,30,34,21,29,44,31,3,43,14,15,32,13,40,11,12,18,36,63,55,51,40,21,24,18,64,41,43,58,3,27,52,8,21,12,24,26,59,18,70,15,17,34,35,10,49,32,42,21,57,9,11,44,34,33,45
v10,39,42,27,46,30,48,39,13,11,0,26,39,13,40,10,41,27,38,48,3,34,21,66,36,26,54,29,38,8,41,50,53,11,55,26,15,59,47,43,62,5,37,32,30,17,28,45,55,20,14,51,35,14,35,34,50,21,13,35,36,19,44,23,6,7,57,50,62,49,61,48,37,30,50,21,43,15,25,32,24,25,35,20,32,70,15,18,49,42,19,29,61,42,40,9,20,45,34,32,58,46,51,33,24,66,39,43,30,38,53,20,12,36,13,12,27,24,49,8,13,17,43,72,64,40,49,12,33,19,73,50,32,67,14,16,41,19,10,5,33,35,68,9,79,26,26,45,46,21,58,41,51,10,66,20,20,33,43,28,54
v11,13,40,27,20,30,32,39,15,17,26,0,39,23,34,36,31,21,38,22,29,8,21,40,10,26,28,13,38,18,25,24,27,25,29,26,11,33,31,27,36,27,37,32,30,9,28,19,29,20,16,33,35,12,35,34,24,9,29,15,10,7,32,3,32,29,31,30,36,23,35,22,37,22,50,7,43,41,25,12,24,25,35,10,32,44,15,14,23,42,21,29,35,16,26,17,10,19,12,32,32,46,25,9,24,40,13,23,20,12,27,20,14,32,13,32,21,24,23,28,13,9,25,46,38,40,23,38,7,7,47,24,32,41,14,16,41,19,22,29,29,9,42,35,53,26,8,45,46,21,32,39,25,18,40,24,6,33,41,22,28
v12,52,3,22,29,69,9,12,28,30,39,39,0,36,5,49,8,18,1,55,42,35,60,49,31,65,59,52,15,45,14,53,50,38,36,65,48,56,70,12,25,40,76,71,69,30,23,20,46,27,53,12,22,49,10,9,21,30,42,24,45,36,71,36,45,42,40,11,23,32,44,39,18,17,11,32,12,54,28,27,33,64,74,29,71,41,24,53,36,13,34,68,30,51,13,48,49,36,27,71,61,7,44,48,31,53,42,16,19,37,24,59,27,71,42,45,60,21,20,41,40,46,64,33,29,79,54,51,32,46,40,45,71,44,27,55,80,26,49,42,10,32,51,48,40,23,31,6,9,34,25,2,22,49,35,37,39,72,4,61,15
v13,36,39,14,43,43,45,26,8,6,13,23,36,0,37,13,38,24,35,45,10,31,34,63,33,39,51,26,25,19,38,47,50,2,52,39,22,56,44,40,59,8,50,45,43,14,15,42,52,9,27,48,22,23,26,27,47,18,6,32,33,16,45,20,19,6,54,47,59,46,58,45,24,27,37,18,30,18,12,29,11,38,48,17,45,67,12,27,46,29,6,42,58,39,37,22,23,42,31,45,55,35,48,30,11,63,36,40,27,35,50,33,9,45,16,9,34,15,46,5,14,20,40,69,61,53,46,15,30,20,70,47,45,64,9,29,54,10,23,8,30,32,65,12,76,13,23,34,33,8,55,38,48,23,63,7,17,46,40,35,51
v14,47,6,23,24,64,8,13,29,31,40,34,5,37,0,50,3,13,4,50,43,30,55,44,26,60,54,47,16,40,9,48,45,39,31,60,43,51,65,7,22,41,71,66,64,25,24,15,41,28,48,11,23,44,11,10,16,25,43,19,40,31,66,31,46,43,35,10,22,27,39,34,19,12,16,27,13,55,29,22,34,59,69,24,66,36,25,48,31,14,35,63,25,46,8,43,44,31,22,66,56,12,39,43,32,48,37,11,14,32,19,54,28,66,37,46,55,22,15,42,35,41,59,32,24,74,49,52,27,41,35,40,66,39,28,50,75,27,44,43,7,27,46,49,39,24,26,11,12,35,20,5,17,44,30,38,34,67,7,56,14
v15,49,52,27,56,36,58,37,21,19,10,36,49,13,50,0,51,37,48,58,7,44,31,76,46,32,64,39,34,18,51,60,63,11,65,32,25,69,57,53,72,9,43,40,36,27,26,55,65,22,20,61,29,24,39,40,60,31,7,45,46,29,54,33,12,7,67,60,72,59,71,58,31,40,44,31,37,5,21,42,18,31,41,30,38,80,25,28,59,36,15,35,71,52,50,19,30,55,44,42,68,48,61,43,18,76,49,53,40,48,63,26,22,46,23,6,37,28,59,8,23,27,53,82,74,46,59,6,43,29,83,60,38,77,22,26,47,23,16,7,43,45,78,5,89,26,36,47,40,15,68,51,61,18,76,14,30,41,53,38,64
v16,44,9,24,21,61,7,14,30,32,41,31,8,38,3,51,0,14,7,47,44,27,52,41,23,57,51,44,17,37,6,45,42,40,28,57,40,48,62,4,21,42,68,63,61,24,25,12,38,29,45,10,24,41,12,11,13,22,44,16,37,28,63,28,47,44,32,9,21,24,36,31,20,11,19,24,14,56,30,19,35,56,66,21,63,33,26,45,28,15,36,60,22,43,5,40,41,28,19,63,53,15,36,40,33,45,34,8,11,29,16,51,29,63,34,47,52,23,12,43,32,38,56,31,23,71,46,53,24,38,32,37,63,36,29,47,72,28,41,44,8,24,43,50,38,25,23,14,15,36,17,8,14,41,27,39,31,64,10,53,13
v17,34,19,10,19,51,21,18,16,18,27,21,18,24,13,37,14,0,17,37,30,17,42,39,13,47,41,34,17,27,14,35,32,26,28,47,30,38,52,16,35,28,58,53,51,12,11,18,28,15,35,24,14,31,14,13,23,12,30,8,27,18,53,18,33,30,30,23,35,22,34,21,16,3,29,14,22,42,16,9,21,46,56,11,53,43,12,35,22,21,22,50,34,33,13,30,31,18,9,53,43,25,26,30,19,39,24,16,3,19,26,41,15,53,24,33,42,9,22,29,22,28,46,45,37,61,36,39,14,28,46,27,53,40,15,37,62,14,31,30,8,14,41,36,52,11,13,24,25,22,31,18,24,31,39,25,21,54,20,43,27
v18,51,4,21,28,68,10,11,27,29,38,38,1,35,4,48,7,17,0,54,41,34,59,48,30,64,58,51,14,44,13,52,49,37,35,64,47,55,69,11,24,39,75,70,68,29,22,19,45,26,52,13,21,48,9,8,20,29,41,23,44,35,70,35,44,41,39,12,24,31,43,38,17,16,12,31,11,53,27,26,32,63,73,28,70,40,23,52,35,12,33,67,29,50,12,47,48,35,26,70,60,8,43,47,30,52,41,15,18,36,23,58,26,70,41,44,59,20,19,40,39,45,63,34,28,78,53,50,31,45,39,44,70,43,26,54,79,25,48,41,9,31,50,47,41,22,30,7,8,33,24,3,21,48,34,36,38,71,5,60,16
v19,9,56,43,26,22,48,55,37,39,48,22,55,45,50,58,47,37,54,0,51,20,27,18,24,36,6,19,54,40,41,2,5,47,19,28,33,11,15,43,30,49,25,18,30,31,44,35,9,36,38,49,51,34,51,50,34,27,51,31,12,29,16,25,54,51,15,46,38,23,13,16,53,38,66,27,59,63,41,28,42,37,25,28,22,22,33,30,19,58,43,33,25,6,42,39,28,19,28,16,10,62,11,15,40,18,13,39,36,18,31,36,36,16,35,54,21,40,35,50,35,31,9,24,26,24,1,60,23,29,25,10,28,19,36,32,25,35,44,51,45,23,20,57,31,42,24,61,62,43,30,55,33,40,20,46,28,17,57,20,44
v20,42,45,24,49,33,51,36,14,12,3,29,42,10,43,7,44,30,41,51,0,37,24,69,39,29,57,32,35,11,44,53,56,8,58,29,18,62,50,46,65,2,40,35,33,20,25,48,58,17,17,54,32,17,32,33,53,24,10,38,39,22,47,26,9,4,60,53,65,52,64,51,34,33,47,24,40,12,22,35,21,28,38,23,35,73,18,21,52,39,16,32,64,45,43,12,23,48,37,35,61,43,54,36,21,69,42,46,33,41,56,23,15,39,16,9,30,21,52,5,16,20,46,75,67,43,52,9,36,22,76,53,35,70,15,19,44,16,13,2,36,38,71,6,82,23,29,42,43,18,61,44,54,13,69,17,23,36,46,31,57
v21,17,36,23,12,34,28,35,23,25,34,8,35,31,30,44,27,17,34,20,37,0,25,32,4,30,24,17,34,26,21,18,19,33,21,30,19,25,35,23,28,35,41,36,34,17,24,15,21,22,24,29,31,20,31,30,16,13,37,11,10,15,36,11,40,37,23,26,28,15,27,14,33,18,46,13,39,49,23,8,28,29,39,14,36,36,19,18,15,38,29,33,27,16,22,25,14,11,8,36,26,42,17,13,26,32,7,19,16,4,19,24,22,36,21,40,25,20,15,36,21,17,29,38,30,44,19,46,3,15,39,16,36,33,22,20,45,21,30,37,25,3,34,43,45,22,8,41,42,29,24,35,17,26,32,32,14,37,37,26,24
v22,18,61,48,31,9,53,60,34,32,21,21,60,34,55,31,52,42,59,27,24,25,0,45,29,9,33,8,59,15,46,29,32,32,34,5,12,38,26,48,41,26,16,11,9,30,49,40,34,41,11,54,56,11,56,55,39,30,34,36,15,24,23,24,27,28,36,51,43,28,40,27,58,43,71,28,64,36,46,33,45,10,14,31,11,49,36,7,28,63,40,8,40,21,47,12,11,24,33,11,37,67,30,12,45,45,18,44,41,23,36,9,33,15,18,33,6,45,40,29,20,14,22,51,43,19,28,33,28,14,52,29,11,46,35,5,20,40,17,26,50,28,47,30,58,47,29,66,67,42,37,60,38,13,45,41,21,12,62,7,49
v23,27,50,49,20,40,42,49,55,57,66,40,49,63,44,76,41,39,48,18,69,32,45,0,30,54,12,37,48,58,35,16,13,65,13,46,51,7,21,37,24,67,43,36,48,49,50,29,11,54,56,43,49,52,45,44,28,45,69,31,30,47,22,43,72,69,9,40,32,17,5,18,47,36,60,45,53,81,55,34,60,55,43,46,40,8,51,48,17,52,61,51,19,24,36,57,46,21,32,34,12,56,15,33,58,4,27,33,36,28,25,54,54,30,53,72,39,48,29,68,53,49,23,18,20,38,17,78,33,47,9,16,46,5,54,50,39,53,62,69,39,31,2,75,13,50,40,55,56,61,24,49,27,58,14,64,46,35,51,38,38
v24,21,32,19,10,38,24,31,25,27,36,10,31,33,26,46,23,13,30,24,39,4,29,30,0,34,28,21,30,28,17,22,19,35,19,34,21,25,39,19,26,37,45,40,38,19,20,11,19,24,26,25,27,22,27,26,14,15,39,7,14,17,40,13,42,39,21,22,26,13,25,12,29,14,42,15,35,51,25,4,30,33,43,16,40,34,21,22,13,34,31,37,25,20,18,27,18,9,4,40,30,38,15,17,28,30,11,15,12,6,17,28,24,40,23,42,29,18,13,38,23,19,33,36,28,48,23,48,3,17,37,14,40,31,24,24,49,23,32,39,21,1,32,45,43,20,10,37,38,31,22,31,15,28,30,34,16,41,33,30,20
v25,27,66,53,36,14,58,65,39,37,26,26,65,39,60,32,57,47,64,36,29,30,9,54,34,0,42,17,64,20,51,38,41,37,43,8,17,47,35,53,50,31,11,18,6,35,54,45,43,46,12,59,61,16,61,60,44,35,39,41,24,29,32,29,20,33,45,56,50,37,49,36,63,48,76,33,69,27,51,38,50,1,11,36,14,58,41,12,37,68,45,3,49,30,52,17,16,33,38,20,46,72,39,21,50,54,27,49,46,28,41,6,38,24,23,38,15,50,45,34,25,19,31,60,52,16,37,26,33,19,61,38,8,55,40,10,15,45,16,31,55,33,56,27,67,52,34,71,72,47,46,65,43,16,54,46,26,19,67,16,54
v26,15,60,47,30,28,52,59,43,45,54,28,59,51,54,64,51,41,58,6,57,24,33,12,28,42,0,25,58,46,45,6,9,53,23,34,39,5,11,47,34,55,31,24,36,37,48,39,13,42,44,53,55,40,55,54,38,33,57,35,18,35,12,31,60,57,19,50,42,27,15,20,57,42,70,33,63,69,45,32,48,43,31,34,28,18,39,36,23,62,49,39,29,12,46,45,34,23,32,22,4,66,15,21,46,12,17,43,40,22,35,42,42,18,41,60,27,44,39,56,41,37,11,28,30,26,5,66,27,35,19,14,34,15,42,38,27,41,50,57,49,27,14,63,25,46,28,65,66,49,34,59,37,46,24,52,34,23,61,26,48
v27,10,53,40,23,17,45,52,26,24,29,13,52,26,47,39,44,34,51,19,32,17,8,37,21,17,25,0,51,21,38,21,24,28,26,13,14,30,18,40,33,30,24,19,17,22,41,32,26,33,19,46,48,15,48,47,31,22,32,28,7,16,19,16,35,32,28,43,35,20,32,19,50,35,63,20,56,44,38,25,37,18,22,23,19,41,28,11,20,55,32,16,32,13,39,20,9,16,25,19,29,59,22,4,37,37,10,36,33,15,28,17,25,19,16,35,8,37,32,31,16,12,14,43,35,27,20,41,20,10,44,21,19,38,27,13,28,32,25,32,42,20,39,38,50,39,21,58,59,34,29,52,30,21,37,33,13,20,54,9,41
v28,51,18,11,28,68,24,3,25,27,38,38,15,25,16,34,17,17,14,54,35,34,59,48,30,64,58,51,0,44,17,52,49,27,35,64,47,55,69,19,38,33,75,70,68,29,10,21,45,18,52,27,7,48,5,6,26,29,27,23,44,35,70,35,44,31,39,26,38,31,43,38,3,16,12,31,5,39,13,26,18,63,73,28,70,46,23,52,35,4,19,67,37,50,16,47,48,35,26,70,60,14,43,47,16,52,41,19,18,36,29,58,26,70,41,30,59,14,25,30,39,45,63,48,40,78,53,38,31,45,49,44,70,43,24,54,79,19,48,33,9,31,50,37,55,12,30,13,8,19,34,17,27,48,42,22,38,71,19,60,30
v29,31,46,33,38,24,40,45,19,17,8,18,45,19,40,18,37,27,44,40,11,26,15,58,28,20,46,21,44,0,33,42,45,17,47,20,7,51,39,35,54,11,31,26,24,15,34,37,47,26,8,43,41,6,41,40,42,15,19,27,28,11,36,15,14,13,49,42,54,41,53,40,43,28,56,13,49,23,31,24,30,19,29,16,26,62,21,10,41,48,25,23,53,34,32,3,12,37,26,26,50,52,43,25,30,58,31,35,26,30,45,14,18,28,5,18,19,30,41,14,5,9,35,64,56,34,41,20,25,11,65,42,26,59,20,10,35,25,4,11,35,27,60,17,71,32,18,51,52,27,50,45,43,4,58,26,12,27,47,20,46
v30,38,15,24,15,55,7,14,30,32,41,25,14,38,9,51,6,14,13,41,44,21,46,35,17,51,45,38,17,33,0,39,36,40,22,51,34,42,56,2,21,42,62,57,55,24,25,6,32,29,39,10,24,35,12,11,9,20,44,10,31,22,57,22,47,44,26,9,21,18,30,25,20,11,25,20,18,56,30,13,35,50,60,21,57,29,26,39,22,17,36,54,20,37,1,34,35,22,13,57,47,21,30,34,33,39,28,2,11,23,12,45,29,57,28,47,46,23,8,43,28,32,50,31,23,65,40,53,18,32,32,31,57,30,29,41,66,28,37,44,8,18,37,50,38,25,17,20,21,36,17,14,10,35,25,39,25,58,16,47,13
v31,11,54,41,24,24,46,53,39,41,50,24,53,47,48,60,45,35,52,2,53,18,29,16,22,38,6,21,52,42,39,0,3,49,17,30,35,9,17,41,28,51,27,20,32,33,42,33,7,38,40,47,49,36,49,48,32,29,53,29,14,31,18,27,56,53,13,44,36,21,11,14,51,36,64,29,57,65,39,26,44,39,27,30,24,20,35,32,17,56,45,35,23,8,40,41,30,17,26,18,8,60,9,17,42,16,11,37,34,16,29,38,38,18,37,56,23,38,33,52,37,33,11,22,24,26,1,62,21,31,23,8,30,17,38,34,27,37,46,53,43,21,18,59,29,40,24,59,60,45,28,53,31,42,18,48,30,19,55,22,42
v32,14,51,38,21,27,43,50,42,44,53,27,50,50,45,63,42,32,49,5,56,19,32,13,19,41,9,24,49,45,36,3,0,52,14,33,38,6,20,38,25,54,30,23,35,36,39,30,4,41,43,44,46,39,46,45,29,32,56,26,17,34,21,30,59,56,10,41,33,18,8,11,48,33,61,32,54,68,42,23,47,42,30,33,27,17,38,35,14,53,48,38,20,11,37,44,33,14,23,21,11,57,6,20,45,13,14,34,31,15,26,41,41,21,40,59,26,35,30,55,40,36,14,19,21,29,4,65,20,34,20,5,33,14,41,37,30,40,49,56,40,18,15,62,26,37,27,56,57,48,25,50,28,45,15,51,33,22,52,25,39
v33,38,41,16,45,41,47,28,10,8,11,25,38,2,39,11,40,26,37,47,8,33,32,65,35,37,53,28,27,17,40,49,52,0,54,37,20,58,46,42,61,6,48,43,41,16,17,44,54,11,25,50,24,21,28,29,49,20,4,34,35,18,43,22,17,4,56,49,61,48,60,47,26,29,39,20,32,16,14,31,13,36,46,19,43,69,14,25,48,31,8,40,60,41,39,20,21,44,33,43,57,37,50,32,13,65,38,42,29,37,52,31,11,43,14,7,32,17,48,3,12,18,42,71,63,51,48,13,32,18,72,49,43,66,11,27,52,12,21,6,32,34,67,10,78,15,25,36,35,10,57,40,50,21,65,9,19,44,42,33,53
v34,16,37,38,9,33,29,36,44,46,55,29,36,52,31,65,28,28,35,19,58,21,34,13,19,43,23,26,35,47,22,17,14,54,0,35,40,20,34,24,11,56,40,35,37,38,39,16,10,43,45,30,38,41,32,31,15,34,58,20,19,36,35,32,61,58,4,27,19,6,8,7,34,25,47,34,40,70,44,23,49,44,38,35,35,15,40,37,6,39,50,40,6,15,23,46,35,10,21,35,25,43,8,22,47,17,16,20,25,17,12,43,43,35,42,61,28,37,16,57,42,38,28,17,9,43,18,67,22,36,18,9,35,12,43,39,44,42,51,58,26,20,15,64,24,39,29,42,43,50,11,36,14,47,11,53,35,36,38,27,25
v35,19,66,53,36,6,58,65,39,37,26,26,65,39,60,32,57,47,64,28,29,30,5,46,34,8,34,13,64,20,51,30,33,37,35,0,17,39,27,53,42,31,11,10,4,35,54,45,35,46,12,59,61,16,61,60,44,35,39,41,20,29,24,29,26,33,37,56,48,33,41,28,63,48,76,33,69,35,51,38,50,9,9,36,6,50,41,12,29,68,45,5,41,22,52,17,16,29,38,12,38,72,31,17,50,46,23,49,46,28,41,8,38,16,23,38,7,50,45,34,25,19,23,52,44,14,29,32,33,19,53,30,6,47,40,10,15,45,16,31,55,33,48,29,59,52,34,71,72,47,40,65,43,16,46,46,26,11,67,8,54
v36,24,49,36,31,21,41,48,22,20,15,11,48,22,43,25,40,30,47,33,18,19,12,51,21,17,39,14,47,7,34,35,38,20,40,17,0,44,32,36,47,16,28,23,21,18,37,30,40,29,5,42,44,1,44,43,35,18,22,24,21,12,29,12,21,18,42,39,47,34,46,33,46,31,59,16,52,30,34,21,33,16,26,19,23,55,24,5,34,51,28,20,46,27,35,6,5,30,21,23,43,55,36,18,33,51,24,32,29,23,38,11,21,23,6,21,12,33,34,17,8,2,28,57,49,31,34,27,18,4,58,35,23,52,23,7,32,28,11,18,38,20,53,24,64,35,17,54,55,30,43,48,36,7,51,29,9,24,50,13,39
v37,20,57,44,27,33,49,56,48,50,59,33,56,56,51,69,48,38,55,11,62,25,38,7,25,47,5,30,55,51,42,9,6,58,20,39,44,0,14,44,31,60,36,29,41,42,45,36,10,47,49,50,52,45,52,51,35,38,62,32,23,40,15,36,65,62,16,47,39,24,12,17,54,39,67,38,60,74,48,29,53,48,36,39,33,15,44,41,20,59,54,44,26,17,43,50,39,20,29,27,5,63,12,26,51,7,20,40,37,21,32,47,47,23,46,65,32,41,36,61,46,42,16,25,27,31,10,71,26,40,16,11,39,12,47,43,32,46,55,62,46,24,9,68,20,43,33,62,63,54,31,56,34,51,21,57,39,28,58,31,45
v38,18,71,58,41,21,63,70,44,42,47,31,70,44,65,57,62,52,69,15,50,35,26,21,39,35,11,18,69,39,56,17,20,46,34,27,32,14,0,58,45,48,24,17,29,40,59,50,24,51,37,64,66,33,66,65,49,40,50,46,25,34,3,34,53,50,30,61,53,38,26,31,68,53,81,38,74,62,56,43,55,36,24,41,21,29,46,29,34,73,50,32,40,19,57,38,27,34,43,15,11,77,26,22,55,19,28,54,51,33,46,35,43,11,34,53,20,55,50,49,34,30,6,39,41,19,16,59,38,28,30,25,27,26,45,31,20,50,43,50,60,38,21,56,32,57,39,76,77,52,45,70,48,39,35,51,31,16,72,19,59
v39,40,13,26,17,57,5,16,32,34,43,27,12,40,7,53,4,16,11,43,46,23,48,37,19,53,47,40,19,35,2,41,38,42,24,53,36,44,58,0,19,44,64,59,57,26,27,8,34,31,41,8,26,37,14,13,9,22,46,12,33,24,59,24,49,46,28,7,19,20,32,27,22,13,23,22,16,58,32,15,37,52,62,23,59,29,28,41,24,17,38,56,18,39,3,36,37,24,15,59,49,19,32,36,35,41,30,4,13,25,12,47,31,59,30,49,48,25,8,45,30,34,52,29,21,67,42,55,20,34,30,33,59,32,31,43,68,30,39,46,10,20,39,52,36,27,19,18,19,38,15,12,10,37,23,41,27,60,14,49,11
v40,27,26,45,16,44,18,35,51,53,62,36,25,59,22,72,21,35,24,30,65,28,41,24,26,50,34,33,38,54,21,28,25,61,11,42,47,31,45,19,0,63,51,46,44,45,46,17,21,50,52,19,45,48,33,32,12,41,65,27,26,43,46,39,68,65,15,16,8,13,19,14,41,32,36,41,35,77,51,30,56,51,49,42,46,16,47,44,13,36,57,47,5,26,22,53,42,17,28,46,36,32,19,29,54,28,23,19,32,24,9,50,50,46,49,68,35,44,13,64,49,45,39,10,4,54,29,74,29,43,15,20,46,19,50,46,55,49,58,65,29,27,26,71,17,46,36,31,32,57,4,25,11,54,10,60,42,47,27,36,14
v41,40,43,22,47,35,49,34,12,10,5,27,40,8,41,9,42,28,39,49,2,35,26,67,37,31,55,30,33,11,42,51,54,6,56,31,16,60,48,44,63,0,42,37,35,18,23,46,56,15,19,52,30,15,30,31,51,22,8,36,37,20,45,24,11,2,58,51,63,50,62,49,32,31,45,22,38,14,20,33,19,30,40,21,37,71,16,19,50,37,14,34,62,43,41,14,21,46,35,37,59,41,52,34,19,67,40,44,31,39,54,25,13,37,14,7,28,19,50,3,14,18,44,73,65,45,50,11,34,20,74,51,37,68,13,21,46,14,15,2,34,36,69,8,80,21,27,40,41,16,59,42,52,15,67,15,21,38,44,29,55
v42,24,77,64,47,7,69,76,50,48,37,37,76,50,71,43,68,58,75,25,40,41,16,43,45,11,31,24,75,31,62,27,30,48,40,11,28,36,24,64,51,42,0,7,7,46,65,56,32,57,23,70,72,27,72,71,55,46,50,52,31,40,21,40,31,44,36,67,59,44,38,37,74,59,87,44,80,38,62,49,61,12,2,47,5,47,52,23,40,79,56,8,46,25,63,28,27,40,49,9,35,83,32,28,61,43,34,60,57,39,52,17,49,13,34,49,16,61,56,45,36,30,20,49,47,5,26,37,44,30,50,31,5,44,51,21,4,56,27,42,66,44,45,38,56,63,45,82,83,58,51,76,54,27,43,57,37,8,78,15,65
v43,19,72,59,42,4,64,71,45,43,32,32,71,45,66,40,63,53,70,18,35,36,11,36,40,18,24,19,70,26,57,20,23,43,35,10,23,29,17,59,46,37,7,0,12,41,60,51,25,52,20,65,67,22,67,66,50,41,45,47,26,35,14,35,36,39,31,62,54,39,31,32,69,54,82,39,75,45,57,44,56,19,7,42,4,40,47,18,35,74,51,15,41,20,58,23,22,35,44,2,28,78,27,23,56,36,29,55,52,34,47,18,44,6,29,44,11,56,51,40,31,25,13,42,42,8,19,42,39,25,43,26,10,37,46,16,9,51,26,37,61,39,38,39,49,58,40,77,78,53,46,71,49,22,36,52,32,1,73,10,60
v44,21,70,57,40,8,62,69,43,41,30,30,69,43,64,36,61,51,68,30,33,34,9,48,38,6,36,17,68,24,55,32,35,41,37,4,21,41,29,57,44,35,7,12,0,39,58,49,37,50,16,63,65,20,65,64,48,39,43,45,24,33,26,33,24,37,39,60,52,37,43,30,67,52,80,37,73,33,55,42,54,7,5,40,8,52,45,16,33,72,49,3,43,24,56,21,20,33,42,14,40,76,33,21,54,48,27,53,50,32,45,10,42,18,27,42,9,54,49,38,29,23,25,54,46,10,31,30,37,23,55,32,2,49,44,14,11,49,20,35,59,37,50,31,61,56,38,75,76,51,44,69,47,20,48,50,30,13,71,10,58
v45,22,31,18,29,39,31,30,6,8,17,9,30,14,25,27,24,12,29,31,20,17,30,49,19,35,37,22,29,15,24,33,36,16,38,35,18,42,40,26,45,18,46,41,39,0,19,28,38,11,23,34,26,19,26,25,33,4,20,18,19,6,41,6,23,20,40,33,45,32,44,31,28,13,41,4,34,32,16,15,15,34,44,3,41,53,6,23,32,33,12,38,44,25,23,18,19,28,17,41,41,37,34,18,15,49,22,26,13,21,36,29,5,41,12,23,30,15,32,19,10,16,34,55,47,49,32,29,16,16,56,33,41,50,5,25,50,10,19,20,20,18,51,26,62,17,9,36,37,12,41,30,34,19,49,15,9,42,32,31,37
v46,41,26,1,30,58,32,11,15,17,28,28,23,15,24,26,25,11,22,44,25,24,49,50,20,54,48,41,10,34,25,42,39,17,39,54,37,45,59,27,46,23,65,60,58,19,0,29,39,8,42,35,7,38,13,14,34,19,19,19,34,25,60,25,34,21,41,34,46,33,45,32,9,14,22,21,15,31,5,16,10,53,63,18,60,54,13,42,33,14,11,57,45,40,24,37,38,29,18,60,50,22,35,37,8,50,31,27,14,26,37,48,16,60,31,22,49,4,33,20,29,35,53,56,48,68,43,28,21,35,57,34,60,51,14,44,69,9,38,23,17,21,52,27,63,2,20,21,18,11,42,25,35,38,50,14,28,61,27,50,38
v47,32,21,28,9,49,13,20,34,36,45,19,20,42,15,55,12,18,19,35,48,15,40,29,11,45,39,32,21,37,6,33,30,44,16,45,30,36,50,8,17,46,56,51,49,28,29,0,26,33,35,14,28,31,16,15,5,24,48,10,25,26,51,22,51,48,20,11,17,12,24,19,24,15,31,24,24,60,34,13,39,44,54,25,51,25,30,33,16,23,40,48,16,31,7,36,29,16,11,51,41,27,24,28,37,33,22,4,15,17,8,39,33,51,32,51,40,27,4,47,32,28,44,27,19,59,34,57,12,26,28,25,51,24,33,35,60,32,41,48,12,12,31,54,34,29,19,26,27,40,13,20,6,37,21,43,25,52,22,41,9
v48,16,47,38,17,29,39,46,44,46,55,29,46,52,41,65,38,28,45,9,58,21,34,11,19,43,13,26,45,47,32,7,4,54,10,35,40,10,24,34,21,56,32,25,37,38,39,26,0,43,45,40,42,41,42,41,25,34,58,22,19,36,25,32,61,58,6,37,29,14,6,7,44,29,57,34,50,70,44,23,49,44,32,35,29,15,40,37,10,49,50,40,16,13,33,46,35,10,21,25,15,53,4,22,47,11,16,30,27,17,22,43,43,25,42,61,28,37,26,57,42,38,18,17,17,33,8,67,22,36,18,5,35,12,43,39,34,42,51,58,36,20,13,64,24,39,29,52,53,50,21,46,24,47,11,53,35,26,48,27,35
v49,33,30,7,34,50,36,19,7,9,20,20,27,9,28,22,29,15,26,36,17,22,41,54,24,46,42,33,18,26,29,38,41,11,43,46,29,47,51,31,50,15,57,52,50,11,8,33,43,0,34,39,15,30,17,18,38,11,15,23,26,17,52,17,26,15,45,38,50,37,49,36,17,18,30,13,23,27,5,20,6,45,55,10,52,58,5,34,37,22,7,49,49,32,28,29,30,33,22,52,46,26,39,29,4,54,27,31,18,26,41,40,8,52,23,18,41,6,37,14,21,27,45,60,52,60,37,24,21,27,61,38,52,55,6,36,61,1,30,15,21,23,56,21,67,6,14,25,26,7,46,29,39,30,54,10,20,53,31,42,42
v50,29,54,41,36,16,46,53,27,25,14,16,53,27,48,20,45,35,52,38,17,24,11,56,26,12,44,19,52,8,39,40,43,25,45,12,5,49,37,41,52,19,23,20,16,23,42,35,45,34,0,47,49,4,49,48,40,23,27,29,26,17,34,17,16,21,47,44,52,39,51,38,51,36,64,21,57,25,39,26,38,11,21,24,18,60,29,8,39,56,33,15,51,32,40,5,10,35,26,22,48,60,41,23,38,56,29,37,34,28,43,6,26,26,11,26,17,38,39,22,13,7,33,62,54,26,39,22,23,9,63,40,18,57,28,6,27,33,6,19,43,25,58,19,69,40,22,59,60,35,48,53,41,4,56,34,14,21,55,18,44
v51,46,9,34,23,63,3,24,40,42,51,33,12,48,11,61,10,24,13,49,54,29,54,43,25,59,53,46,27,43,10,47,44,50,30,59,42,50,64,8,19,52,70,65,63,34,35,14,40,39,47,0,34,43,22,21,15,30,54,18,39,32,65,30,57,54,34,3,11,26,38,33,30,21,19,30,24,66,40,21,45,58,68,31,65,35,36,47,30,25,46,62,24,45,11,42,43,30,21,65,55,13,38,42,43,47,36,10,21,31,18,53,39,65,38,57,54,33,14,53,38,40,58,25,23,73,48,63,26,40,34,39,65,38,39,49,74,38,47,54,18,26,45,60,34,35,25,14,21,46,19,10,16,43,29,49,33,66,8,55,5
v52,48,25,8,29,65,31,10,22,24,35,35,22,22,23,29,24,14,21,51,32,31,56,49,27,61,55,48,7,41,24,49,46,24,38,61,44,52,66,26,45,30,72,67,65,26,7,28,42,15,49,34,0,45,12,13,33,26,22,20,41,32,67,32,41,28,40,33,45,32,44,35,4,13,15,28,10,34,10,23,11,60,70,25,67,53,20,49,32,9,16,64,44,47,23,44,45,32,23,67,57,21,40,44,11,49,38,26,15,33,36,55,23,67,38,23,56,11,32,27,36,42,60,55,47,75,50,35,28,42,56,41,67,50,21,51,76,16,45,30,16,28,51,34,62,9,27,20,13,14,41,24,34,45,49,15,35,68,26,57,37
v53,25,50,37,32,20,42,49,23,21,14,12,49,23,44,24,41,31,48,34,17,20,11,52,22,16,40,15,48,6,35,36,39,21,41,16,1,45,33,37,48,15,27,22,20,19,38,31,41,30,4,43,45,0,45,44,36,19,23,25,22,13,30,13,20,17,43,40,48,35,47,34,47,32,60,17,53,29,35,22,34,15,25,20,22,56,25,4,35,52,29,19,47,28,36,5,6,31,22,22,44,56,37,19,34,52,25,33,30,24,39,10,22,22,7,22,13,34,35,18,9,3,29,58,50,30,35,26,19,5,59,36,22,53,24,6,31,29,10,17,39,21,54,23,65,36,18,55,56,31,44,49,37,6,52,30,10,23,51,14,40
v54,48,13,12,25,65,19,4,22,24,35,35,10,26,11,39,12,14,9,51,32,31,56,45,27,61,55,48,5,41,12,49,46,28,32,61,44,52,66,14,33,30,72,67,65,26,13,16,42,17,49,22,12,45,0,1,21,26,32,20,41,32,67,32,41,32,36,21,33,28,40,35,8,13,15,28,8,44,18,23,23,60,70,25,67,41,20,49,32,7,24,64,32,47,11,44,45,32,23,67,57,11,40,44,21,49,38,14,15,33,24,55,23,67,38,35,56,11,20,31,36,42,60,43,35,75,50,41,28,42,44,41,67,40,21,51,76,16,45,32,6,28,47,38,50,13,27,10,11,24,29,12,22,45,37,27,35,68,14,57,25
v55,47,12,13,24,64,18,5,21,23,34,34,9,27,10,40,11,13,8,50,33,30,55,44,26,60,54,47,6,40,11,48,45,29,31,60,43,51,65,13,32,31,71,66,64,25,14,15,41,18,48,21,13,44,1,0,20,25,33,19,40,31,66,31,40,33,35,20,32,27,39,34,9,12,16,27,9,45,19,22,24,59,69,24,66,40,19,48,31,8,25,63,31,46,10,43,44,31,22,66,56,12,39,43,22,48,37,13,14,32,23,54,22,66,37,36,55,12,19,32,35,41,59,42,34,74,49,42,27,41,43,40,66,39,20,50,75,17,44,33,5,27,46,39,49,14,26,11,12,25,28,11,21,44,36,28,34,67,13,56,24
v56,31,22,33,8,48,14,23,39,41,50,24,21,47,16,60,13,23,20,34,53,16,39,28,14,44,38,31,26,42,9,32,29,49,15,44,35,35,49,9,12,51,55,50,48,33,34,5,25,38,40,15,33,36,21,20,0,29,53,15,24,31,50,27,56,53,19,12,12,11,23,18,29,20,32,29,25,65,39,18,44,43,53,30,50,20,35,32,15,24,45,47,11,30,10,41,30,15,16,50,40,28,23,27,42,32,21,7,20,16,3,38,38,50,37,56,39,32,1,52,37,33,43,22,14,58,33,62,17,31,23,24,50,23,38,34,59,37,46,53,17,15,30,59,29,34,24,27,28,45,8,21,1,42,16,48,30,51,23,40,10
v57,22,31,18,25,39,27,30,10,12,21,9,30,18,25,31,22,12,29,27,24,13,30,45,15,35,33,22,29,15,20,29,32,20,34,35,18,38,40,22,41,22,46,41,39,4,19,24,34,11,23,30,26,19,26,25,29,0,24,14,15,6,41,6,27,24,36,29,41,28,40,27,28,13,41,2,34,36,16,11,15,34,44,1,41,49,6,23,28,33,16,38,40,21,19,18,19,24,13,41,37,37,30,18,15,45,18,22,11,17,32,29,9,41,12,27,30,15,28,23,10,16,34,51,43,49,28,33,12,16,52,29,41,46,9,25,50,10,19,24,20,14,47,30,58,17,5,36,37,16,37,30,30,19,45,19,9,42,32,31,33
v58,42,45,20,49,43,51,30,14,12,13,29,42,6,43,7,44,30,41,51,10,37,34,69,39,39,57,32,27,19,44,53,56,4,58,39,22,62,50,46,65,8,50,45,43,20,19,48,58,15,27,54,22,23,32,33,53,24,0,38,39,22,47,26,19,6,60,53,65,52,64,51,24,33,37,24,30,12,14,35,11,38,48,23,45,73,18,27,52,29,8,42,64,45,43,22,23,48,37,45,61,41,54,36,11,69,42,46,33,41,56,33,15,45,16,3,34,21,52,5,16,20,46,75,67,53,52,13,36,22,76,53,45,70,15,29,54,16,23,8,36,38,71,12,82,19,29,40,33,8,61,44,54,23,69,7,23,46,46,35,57
v59,28,25,18,11,45,17,24,24,26,35,15,24,32,19,45,16,8,23,31,38,11,36,31,7,41,35,28,23,27,10,29,26,34,20,41,24,32,46,12,27,36,52,47,45,18,19,10,22,23,29,18,20,25,20,19,15,14,38,0,21,16,47,12,41,38,22,15,27,14,26,15,22,7,35,14,28,50,24,3,29,40,50,15,47,35,20,29,14,27,30,44,26,27,11,26,25,12,3,47,37,31,20,24,27,31,18,8,5,13,18,35,23,47,22,41,36,17,14,37,22,22,40,37,29,55,30,47,8,22,38,21,47,32,23,31,56,22,31,38,14,8,33,44,44,19,9,30,31,30,23,24,16,27,31,33,15,48,26,37,19
v60,7,46,33,16,24,38,45,25,27,36,10,45,33,40,46,37,27,44,12,39,10,15,30,14,24,18,7,44,28,31,14,17,35,19,20,21,23,25,33,26,37,31,26,24,19,34,25,19,26,26,39,41,22,41,40,24,15,39,21,0,17,26,13,42,39,21,36,28,13,25,12,43,28,56,15,49,51,31,18,30,25,29,16,26,34,21,18,13,48,31,23,25,6,32,27,16,9,18,26,22,52,15,3,30,30,3,29,26,8,21,24,24,26,23,42,15,30,25,38,23,19,19,36,28,34,13,48,13,17,37,14,26,31,24,20,35,25,32,39,35,13,32,45,43,32,14,51,52,31,22,45,23,28,30,34,16,27,47,16,34
v61,20,37,24,27,33,29,36,10,10,19,7,36,16,31,29,28,18,35,29,22,15,24,47,17,29,35,16,35,11,22,31,34,18,36,29,12,40,34,24,43,20,40,35,33,6,25,26,36,17,17,32,32,13,32,31,31,6,22,16,17,0,35,4,25,22,38,31,43,30,42,29,34,19,47,4,40,34,22,13,21,28,38,7,35,51,12,17,30,39,16,32,42,23,23,12,13,26,15,35,39,43,32,14,21,47,20,24,17,19,34,23,9,35,6,25,24,21,30,21,6,10,28,53,45,43,30,31,14,10,54,31,35,48,11,19,44,16,15,22,26,16,49,28,60,23,7,42,43,18,39,36,32,13,47,17,3,36,38,25,35
v62,19,72,59,42,18,64,71,45,43,44,32,71,45,66,54,63,53,70,16,47,36,23,22,40,32,12,19,70,36,57,18,21,43,35,24,29,15,3,59,46,45,21,14,26,41,60,51,25,52,34,65,67,30,67,66,50,41,47,47,26,35,0,35,50,47,31,62,54,39,27,32,69,54,82,39,75,59,57,44,56,33,21,42,18,30,47,26,35,74,51,29,41,20,58,35,24,35,44,12,14,78,27,23,56,22,29,55,52,34,47,32,44,8,31,50,17,56,51,46,31,27,7,40,42,16,17,56,39,25,31,26,24,27,46,28,17,51,40,47,61,39,24,53,35,58,40,77,78,53,46,71,49,36,36,52,32,13,73,16,60
v63,16,37,24,23,33,29,36,12,14,23,3,36,20,31,33,28,18,35,25,26,11,24,43,13,29,31,16,35,15,22,27,30,22,32,29,12,36,34,24,39,24,40,35,33,6,25,22,32,17,17,30,32,13,32,31,27,6,26,12,13,4,35,0,29,26,34,27,39,26,38,25,34,19,47,4,40,38,22,9,21,28,38,7,35,47,12,17,26,39,18,32,38,19,23,14,13,22,11,35,35,43,28,12,21,43,16,20,17,15,30,23,11,35,10,29,24,21,26,25,10,10,28,49,41,43,26,35,10,10,50,27,35,44,11,19,44,16,19,26,26,12,45,32,56,23,5,42,43,18,35,36,28,15,43,21,3,36,38,25,31
v64,45,48,33,52,32,54,45,19,17,6,32,45,19,46,12,47,33,44,54,9,40,27,72,42,20,60,35,44,14,47,56,59,17,61,26,21,65,53,49,68,11,31,36,24,23,34,51,61,26,16,57,41,20,41,40,56,27,19,41,42,25,50,29,0,13,63,56,68,55,67,54,43,36,56,27,49,9,31,38,30,19,29,26,32,76,21,24,55,48,25,23,67,48,46,15,26,51,40,38,64,52,57,39,30,72,45,49,36,44,59,18,18,42,19,18,33,30,55,14,19,23,49,78,70,34,55,6,39,25,79,56,26,73,20,22,35,25,10,11,39,41,74,7,85,32,32,51,52,27,64,47,57,14,72,26,26,37,49,34,60
v65,42,45,20,49,37,51,32,14,12,7,29,42,6,43,7,44,30,41,51,4,37,28,69,39,33,57,32,31,13,44,53,56,4,58,33,18,62,50,46,65,2,44,39,37,20,21,48,58,15,21,54,28,17,32,33,53,24,6,38,39,22,47,26,13,0,60,53,65,52,64,51,30,33,43,24,36,12,18,35,17,32,42,23,39,73,18,21,52,35,12,36,64,45,43,16,23,48,37,39,61,41,54,36,17,69,42,46,33,41,56,27,15,39,16,5,30,21,52,1,16,20,46,75,67,47,52,9,36,22,76,53,39,70,15,23,48,16,17,2,36,38,71,6,82,19,29,40,39,14,61,44,54,17,69,13,23,40,46,31,57
v66,18,41,40,11,31,33,40,46,48,57,31,40,54,35,67,32,30,39,15,60,23,36,9,21,45,19,28,39,49,26,13,10,56,4,37,42,16,30,28,15,58,36,31,39,40,41,20,6,45,47,34,40,43,36,35,19,36,60,22,21,38,31,34,63,60,0,31,23,8,4,9,38,27,51,36,44,72,46,25,51,46,34,37,31,13,42,39,8,43,52,42,10,15,27,48,37,12,23,31,21,47,6,24,49,13,18,24,27,19,16,45,45,31,44,63,30,39,20,59,44,40,24,15,11,39,14,69,24,38,16,7,37,10,45,41,40,44,53,60,30,22,11,66,22,41,31,46,47,52,15,40,18,49,9,55,37,32,42,29,29
v67,43,10,33,20,60,2,23,39,41,50,30,11,47,10,60,9,23,12,46,53,26,51,40,22,56,50,43,26,42,9,44,41,49,27,56,39,47,61,7,16,51,67,62,60,33,34,11,37,38,44,3,33,40,21,20,12,29,53,15,36,31,62,27,56,53,31,0,12,23,35,30,29,20,20,29,23,65,39,18,44,55,65,30,62,32,35,44,27,24,45,59,21,42,10,41,40,27,18,62,52,16,35,39,42,44,33,7,20,28,15,50,38,62,37,56,51,32,11,52,37,37,55,22,20,70,45,62,23,37,31,36,62,35,38,46,71,37,46,53,17,23,42,59,31,34,24,15,20,45,16,9,13,42,26,48,30,63,11,52,4
v68,35,20,45,16,52,14,35,51,53,62,36,23,59,22,72,21,35,24,38,65,28,43,32,26,50,42,35,38,54,21,36,33,61,19,48,47,39,53,19,8,63,59,54,52,45,46,17,29,50,52,11,45,48,33,32,12,41,65,27,28,43,54,39,68,65,23,12,0,15,27,22,41,32,30,41,35,77,51,30,56,51,57,42,54,24,47,44,19,36,57,51,13,34,22,53,42,19,28,54,44,24,27,31,54,36,25,19,32,24,9,50,50,54,49,68,43,44,13,64,49,45,47,14,12,62,37,74,29,43,23,28,54,27,50,46,63,49,58,65,29,27,34,71,23,46,36,25,32,57,8,21,11,54,18,60,42,55,19,44,8
v69,20,33,32,3,37,25,32,38,40,49,23,32,46,27,59,24,22,31,23,52,15,28,17,13,37,27,20,31,41,18,21,18,48,6,33,34,24,38,20,13,50,44,39,37,32,33,12,14,37,39,26,32,35,28,27,11,28,52,14,13,30,39,26,55,52,8,23,15,0,12,7,30,19,43,28,36,64,38,17,43,38,42,29,39,21,34,31,4,35,44,36,12,19,19,40,29,4,15,39,29,39,12,16,41,21,10,16,19,11,8,37,37,39,36,55,28,31,12,51,36,32,32,23,15,47,22,61,16,30,24,13,39,18,37,33,48,36,45,52,22,14,19,58,30,33,23,38,39,44,9,32,10,41,17,47,29,40,34,29,21
v70,22,45,44,15,35,37,44,50,52,61,35,44,58,39,71,36,34,43,13,64,27,40,5,25,49,15,32,43,53,30,11,8,60,8,41,46,12,26,32,19,62,38,31,43,44,45,24,6,49,51,38,44,47,40,39,23,40,64,26,25,42,27,38,67,64,4,35,27,12,0,13,42,31,55,40,48,76,50,29,55,50,38,41,35,9,46,43,12,47,56,46,14,19,31,52,41,16,27,29,17,51,10,28,53,9,22,28,31,23,20,49,49,27,48,67,34,43,24,63,48,44,20,13,15,35,12,73,28,42,12,11,41,6,49,45,36,48,57,64,34,26,7,70,18,45,35,50,51,56,19,44,22,53,9,59,41,30,46,33,33
v71,13,40,31,10,30,32,39,37,39,48,22,39,45,34,58,31,21,38,16,51,14,27,18,12,36,20,19,38,40,25,14,11,47,7,28,33,17,31,27,14,49,37,32,30,31,32,19,7,36,38,33,35,34,35,34,18,27,51,15,12,29,32,25,54,51,9,30,22,7,13,0,37,22,50,27,43,63,37,16,42,37,35,28,32,22,33,30,3,42,43,33,13,12,26,39,28,3,14,32,22,46,5,15,40,18,9,23,20,10,15,36,36,32,35,54,21,30,19,50,35,31,25,24,16,40,15,60,15,29,25,6,32,19,36,32,41,35,44,51,29,13,20,57,31,32,22,45,46,43,14,39,17,40,18,46,28,33,41,22,28
v72,50,21,10,27,67,27,6,24,26,37,37,18,24,19,31,20,16,17,53,34,33,58,47,29,63,57,50,3,43,20,51,48,26,34,63,46,54,68,22,41,32,74,69,67,28,9,24,44,17,51,30,4,47,8,9,29,28,24,22,43,34,69,34,43,30,38,29,41,30,42,37,0,15,13,30,6,36,12,25,15,62,72,27,69,49,22,51,34,5,18,66,40,49,19,46,47,34,25,69,59,17,42,46,13,51,40,22,17,35,32,57,25,69,40,27,58,13,28,29,38,44,62,51,43,77,52,37,30,44,52,43,69,46,23,53,78,18,47,32,12,30,49,36,58,11,29,16,9,16,37,20,30,47,45,19,37,70,22,59,33
v73,35,18,13,16,52,18,17,19,21,30,22,17,27,12,40,11,3,16,38,33,18,43,36,14,48,42,35,16,28,11,36,33,29,25,48,31,39,53,13,32,31,59,54,52,13,14,15,29,18,36,21,13,32,13,12,20,13,33,7,28,19,54,19,36,33,27,20,32,19,31,22,15,0,28,15,21,45,19,10,24,47,57,12,54,40,15,36,19,20,25,51,31,34,10,31,32,19,10,54,44,24,27,31,22,36,25,13,2,20,23,42,18,54,25,36,43,12,19,32,23,29,47,42,34,62,37,42,15,29,43,28,54,37,18,38,63,17,32,33,7,15,38,39,49,14,14,23,24,25,28,17,21,32,36,28,22,55,19,44,24
v74,63,10,23,40,80,18,11,37,39,50,50,11,37,16,44,19,29,12,66,47,46,71,60,42,76,70,63,12,56,25,64,61,39,47,76,59,67,81,23,36,45,87,82,80,41,22,31,57,30,64,19,15,60,15,16,32,41,37,35,56,47,82,47,56,43,51,20,30,43,55,50,13,28,0,43,7,49,25,38,26,75,85,40,82,52,35,64,47,8,31,79,41,62,24,59,60,47,38,82,72,6,55,59,26,64,53,27,30,48,35,70,38,82,53,38,71,26,31,42,51,57,75,42,40,90,65,50,43,57,51,56,82,55,36,66,91,31,60,45,21,43,62,49,51,24,42,5,4,29,36,11,33,60,46,30,50,83,11,72,22
v75,20,33,20,25,37,27,32,10,12,21,7,32,18,27,31,24,14,31,27,24,13,28,45,15,33,33,20,31,13,20,29,32,20,34,33,16,38,38,22,41,22,44,39,37,4,21,24,34,13,21,30,28,17,28,27,29,2,24,14,15,4,39,4,27,24,36,29,41,28,40,27,30,15,43,0,36,36,18,11,17,32,42,3,39,49,8,21,28,35,16,36,40,21,19,16,17,24,13,39,37,39,30,16,17,45,18,22,13,17,32,27,9,39,10,27,28,17,28,23,8,14,32,51,43,47,28,33,12,14,52,29,39,46,9,23,48,12,17,24,22,14,47,30,58,19,5,38,39,16,37,32,30,17,45,19,7,40,34,29,33
v76,56,15,16,33,73,21,4,30,32,43,43,12,30,13,37,14,22,11,59,40,39,64,53,35,69,63,56,5,49,18,57,54,32,40,69,52,60,74,16,35,38,80,75,73,34,15,24,50,23,57,24,10,53,8,9,25,34,30,28,49,40,75,40,49,36,44,23,35,36,48,43,6,21,7,36,0,42,18,31,21,68,78,33,75,45,28,57,40,1,24,72,34,55,17,52,53,40,31,75,65,11,48,52,19,57,46,20,23,41,28,63,31,75,46,33,64,19,24,35,44,50,68,45,37,83,58,43,36,50,46,49,75,48,29,59,84,24,53,38,14,36,55,42,52,17,35,10,3,22,31,14,26,53,39,25,43,76,16,65,27
v77,54,57,32,61,41,63,42,26,24,15,41,54,18,55,5,56,42,53,63,12,49,36,81,51,27,69,44,39,23,56,65,68,16,70,35,30,74,62,58,77,14,38,45,33,32,31,60,70,27,25,66,34,29,44,45,65,36,12,50,51,34,59,38,9,12,72,65,77,64,76,63,36,45,49,36,42,0,26,47,23,26,38,35,41,85,30,33,64,41,20,30,76,57,55,24,35,60,49,47,73,53,66,48,23,81,54,58,45,53,68,27,27,51,28,11,42,33,64,13,28,32,58,87,79,43,64,3,48,34,88,65,35,82,27,31,42,28,19,12,48,50,83,6,94,31,41,52,45,20,73,56,66,23,81,19,35,46,58,43,69
v78,38,31,6,35,55,37,16,12,14,25,25,28,12,29,21,30,16,27,41,22,23,46,55,25,51,45,38,13,31,30,39,42,14,44,51,34,48,56,32,51,20,62,57,55,16,5,34,44,5,39,40,10,35,18,19,39,16,14,24,31,22,57,22,31,18,46,39,51,38,50,37,12,19,25,18,18,26,0,21,5,50,60,15,57,59,10,39,38,17,6,54,50,37,29,34,35,34,23,57,47,27,40,34,3,55,28,32,19,27,42,45,13,57,28,17,46,7,38,17,26,32,50,61,53,65,40,25,22,32,62,39,57,56,11,41,66,6,35,20,22,24,57,24,68,5,17,26,21,6,47,30,40,35,55,9,25,58,32,47,43
v79,25,28,15,14,42,20,27,21,23,32,12,27,29,22,42,19,9,26,28,35,8,33,34,4,38,32,25,26,24,13,26,23,31,23,38,21,29,43,15,30,33,49,44,42,15,16,13,23,20,26,21,23,22,23,22,18,11,35,3,18,13,44,9,38,35,25,18,30,17,29,16,25,10,38,11,31,47,21,0,26,37,47,12,44,38,17,26,17,30,27,41,29,24,14,23,22,13,2,44,34,34,19,21,24,34,15,11,8,10,21,32,20,44,19,38,33,14,17,34,19,19,37,40,32,52,27,44,5,19,41,18,44,35,20,28,53,19,28,35,17,5,36,41,47,16,6,33,34,27,26,27,19,24,34,30,12,45,29,34,22
v80,37,36,11,40,54,42,21,11,13,24,24,33,11,34,18,35,21,32,42,21,28,45,60,30,50,48,37,18,30,35,44,47,13,49,50,33,53,55,37,56,19,61,56,54,15,10,39,49,6,38,45,11,34,23,24,44,15,11,29,30,21,56,21,30,17,51,44,56,43,55,42,15,24,26,17,21,23,5,26,0,49,59,14,56,64,9,38,43,20,5,53,55,36,34,33,34,39,28,56,52,32,45,33,2,60,33,37,24,32,47,44,12,56,27,12,45,12,43,16,25,31,49,66,58,64,43,24,27,31,67,44,56,61,10,40,65,7,34,19,27,29,62,23,73,10,20,31,24,3,52,35,45,34,60,4,24,57,37,46,48
v81,28,65,52,35,15,57,64,38,36,25,25,64,38,59,31,56,46,63,37,28,29,10,55,33,1,43,18,63,19,50,39,42,36,44,9,16,48,36,52,51,30,12,19,7,34,53,44,44,45,11,58,60,15,60,59,43,34,38,40,25,28,33,28,19,32,46,55,51,38,50,37,62,47,75,32,68,26,50,37,49,0,12,35,15,59,40,11,38,67,44,4,50,31,51,16,15,34,37,21,47,71,40,22,49,55,28,48,45,27,42,5,37,25,22,37,16,49,44,33,24,18,32,61,53,17,38,25,32,18,62,39,9,56,39,9,16,44,15,30,54,32,57,26,68,51,33,70,71,46,47,64,42,15,55,45,25,20,66,17,53
v82,22,75,62,45,5,67,74,48,46,35,35,74,48,69,41,66,56,73,25,38,39,14,43,43,11,31,22,73,29,60,27,30,46,38,9,26,36,24,62,49,40,2,7,5,44,63,54,32,55,21,68,70,25,70,69,53,44,48,50,29,38,21,38,29,42,34,65,57,42,38,35,72,57,85,42,78,38,60,47,59,12,0,45,3,47,50,21,38,77,54,8,44,23,61,26,25,38,47,9,35,81,30,26,59,43,32,58,55,37,50,15,47,13,32,47,14,59,54,43,34,28,20,49,45,5,26,35,42,28,50,29,3,44,49,19,6,54,25,40,64,42,45,36,56,61,43,80,81,56,49,74,52,25,43,55,35,8,76,13,63
v83,23,30,17,26,40,28,29,9,11,20,10,29,17,24,30,21,11,28,28,23,14,31,46,16,36,34,23,28,16,21,30,33,19,35,36,19,39,41,23,42,21,47,42,40,3,18,25,35,10,24,31,25,20,25,24,30,1,23,15,16,7,42,7,26,23,37,30,42,29,41,28,27,12,40,3,33,35,15,12,14,35,45,0,42,50,5,24,29,32,15,39,41,22,20,19,20,25,14,42,38,36,31,19,14,46,19,23,10,18,33,30,8,42,13,26,31,14,29,22,11,17,35,52,44,50,29,32,13,17,53,30,42,47,8,26,51,9,20,23,19,15,48,29,59,16,6,35,36,15,38,29,31,20,46,18,10,43,31,32,34
v84,19,72,59,42,2,64,71,45,43,32,32,71,45,66,38,63,53,70,22,35,36,11,40,40,14,28,19,70,26,57,24,27,43,35,6,23,33,21,59,46,37,5,4,8,41,60,51,29,52,18,65,67,22,67,66,50,41,45,47,26,35,18,35,32,39,31,62,54,39,35,32,69,54,82,39,75,41,57,44,56,15,3,42,0,44,47,18,35,74,51,11,41,20,58,23,22,35,44,6,32,78,27,23,56,40,29,55,52,34,47,14,44,10,29,44,11,56,51,40,31,25,17,46,42,8,23,38,39,25,47,26,6,41,46,16,9,51,22,37,61,39,42,35,53,58,40,77,78,53,46,71,49,22,40,52,32,5,73,10,60
v85,31,42,53,24,44,34,43,59,61,70,44,41,67,36,80,33,43,40,22,73,36,49,8,34,58,18,41,46,62,29,20,17,69,15,50,55,15,29,29,16,71,47,40,52,53,54,25,15,58,60,35,53,56,41,40,20,49,73,35,34,51,30,47,76,73,13,32,24,21,9,22,49,40,52,49,45,85,59,38,64,59,47,50,44,0,55,52,21,44,65,55,11,28,30,61,50,25,36,38,20,48,19,37,62,12,31,27,40,32,17,58,58,34,57,76,43,52,21,72,57,53,27,10,12,42,21,82,37,51,3,20,50,3,58,54,43,57,66,73,37,35,10,79,9,54,44,47,48,65,16,41,19,62,6,68,50,39,43,42,30
v86,28,27,12,31,45,33,24,4,6,15,15,24,12,25,25,26,12,23,33,18,19,36,51,21,41,39,28,23,21,26,35,38,14,40,41,24,44,46,28,47,16,52,47,45,6,13,30,40,5,29,36,20,25,20,19,35,6,18,20,21,12,47,12,21,18,42,35,47,34,46,33,22,15,35,8,28,30,10,17,9,40,50,5,47,55,0,29,34,27,10,44,46,27,25,24,25,30,19,47,43,31,36,24,9,51,24,28,15,23,38,35,3,47,18,21,36,9,34,17,16,22,40,57,49,55,34,27,18,22,58,35,47,52,3,31,56,4,25,18,18,20,53,24,64,11,11,30,31,10,43,26,36,25,51,13,15,48,28,37,39
v87,21,54,41,28,16,46,53,27,25,18,14,53,27,48,28,45,35,52,30,21,18,7,48,22,12,36,11,52,10,39,32,35,25,37,12,5,41,29,41,44,19,23,18,16,23,42,33,37,34,8,47,49,4,49,48,32,23,27,29,18,17,26,17,24,21,39,44,44,31,43,30,51,36,64,21,57,33,39,26,38,11,21,24,18,52,29,0,31,56,33,15,43,24,40,9,4,27,26,18,40,60,33,15,38,48,21,37,34,20,35,6,26,18,11,26,9,38,33,22,13,7,25,54,46,26,31,30,21,7,55,32,18,49,28,2,27,33,14,21,43,21,50,27,61,40,22,59,60,35,40,53,33,10,48,34,14,19,55,10,42
v88,16,37,32,7,33,29,36,38,40,49,23,36,46,31,59,28,22,35,19,52,15,28,17,13,37,23,20,35,41,22,17,14,48,6,29,34,20,34,24,13,50,40,35,33,32,33,16,10,37,39,30,32,35,32,31,15,28,52,14,13,30,35,26,55,52,8,27,19,4,12,3,34,19,47,28,40,64,38,17,43,38,38,29,35,21,34,31,0,39,44,34,12,15,23,40,29,4,15,35,25,43,8,16,41,17,10,20,19,11,12,37,37,35,36,55,24,31,16,51,36,32,28,23,15,43,18,61,16,30,24,9,35,18,37,33,44,36,45,52,26,14,19,58,30,33,23,42,43,44,11,36,14,41,17,47,29,36,38,25,25
v89,55,16,15,32,72,22,3,29,31,42,42,13,29,14,36,15,21,12,58,39,38,63,52,34,68,62,55,4,48,17,56,53,31,39,68,51,59,73,17,36,37,79,74,72,33,14,23,49,22,56,25,9,52,7,8,24,33,29,27,48,39,74,39,48,35,43,24,36,35,47,42,5,20,8,35,1,41,17,30,20,67,77,32,74,44,27,56,39,0,23,71,35,54,16,51,52,39,30,74,64,12,47,51,18,56,45,19,22,40,27,62,30,74,45,32,63,18,23,34,43,49,67,46,38,82,57,42,35,49,47,48,74,47,28,58,83,23,52,37,13,35,54,41,53,16,34,11,4,21,32,15,25,52,40,24,42,75,17,64,28
v90,34,37,12,41,49,43,22,6,8,19,21,34,6,35,15,36,22,33,43,16,29,40,61,31,45,49,32,19,25,36,45,48,8,50,45,28,54,50,38,57,14,56,51,49,12,11,40,50,7,33,46,16,29,24,25,45,16,8,30,31,16,51,18,25,12,52,45,57,44,56,43,18,25,31,16,24,20,6,27,5,44,54,15,51,65,10,33,44,23,0,48,56,37,35,28,29,40,29,51,53,33,46,28,5,61,34,38,25,33,48,39,7,51,22,11,40,13,44,11,20,26,44,67,59,59,44,19,28,26,68,45,51,62,7,35,60,8,29,14,28,30,63,18,74,11,21,32,27,2,53,36,46,29,61,3,19,52,38,41,49
v91,24,69,56,39,11,61,68,42,40,29,29,68,42,63,35,60,50,67,33,32,33,8,51,37,3,39,16,67,23,54,35,38,40,40,5,20,44,32,56,47,34,8,15,3,38,57,48,40,49,15,62,64,19,64,63,47,38,42,44,23,32,29,32,23,36,42,59,51,36,46,33,66,51,79,36,72,30,54,41,53,4,8,39,11,55,44,15,34,71,48,0,46,27,55,20,19,32,41,17,43,75,36,20,53,51,26,52,49,31,44,9,41,21,26,41,12,53,48,37,28,22,28,57,49,13,34,29,36,22,58,35,5,52,43,13,12,48,19,34,58,36,53,30,64,55,37,74,75,50,43,68,46,19,51,49,29,16,70,13,57
v92,22,31,44,15,39,23,34,50,52,61,35,30,58,25,71,22,34,29,25,64,27,40,19,25,49,29,32,37,53,20,23,20,60,6,41,46,26,40,18,5,62,46,41,43,44,45,16,16,49,51,24,44,47,32,31,11,40,64,26,25,42,41,38,67,64,10,21,13,12,14,13,40,31,41,40,34,76,50,29,55,50,44,41,41,11,46,43,12,35,56,46,0,21,21,52,41,16,27,41,31,37,14,28,53,23,22,18,31,23,8,49,49,41,48,67,34,43,12,63,48,44,34,11,3,49,24,73,28,42,12,15,41,14,49,45,50,48,57,64,28,26,21,70,18,45,35,36,37,56,5,30,10,53,5,59,41,42,32,33,19
v93,3,52,39,22,18,44,51,31,33,42,16,51,39,46,52,43,33,50,6,45,16,21,24,20,30,12,13,50,34,37,8,11,41,15,22,27,17,19,39,26,43,25,20,24,25,40,31,13,32,32,45,47,28,47,46,30,21,45,27,6,23,20,19,48,45,15,42,34,19,19,12,49,34,62,21,55,57,37,24,36,31,23,22,20,28,27,24,15,54,37,27,21,0,38,33,22,15,24,20,16,58,9,9,36,24,9,35,32,14,27,30,30,20,29,48,15,36,31,44,29,25,13,30,22,28,7,54,19,23,31,8,22,25,30,26,29,31,38,45,41,19,26,51,37,38,20,57,58,37,26,51,29,34,24,40,22,21,53,14,40
v94,39,14,23,16,56,8,13,29,31,40,26,13,37,8,50,5,13,12,42,43,22,47,36,18,52,46,39,16,32,1,40,37,39,23,52,35,43,57,3,22,41,63,58,56,23,24,7,33,28,40,11,23,36,11,10,10,19,43,11,32,23,58,23,46,43,27,10,22,19,31,26,19,10,24,19,17,55,29,14,34,51,61,20,58,30,25,40,23,16,35,55,21,38,0,35,36,23,14,58,48,20,31,35,32,40,29,3,10,24,13,46,28,58,29,46,47,22,9,42,27,33,51,32,24,66,41,52,19,33,33,32,58,31,28,42,67,27,36,43,7,19,38,49,39,24,18,19,20,35,18,13,11,36,26,38,26,59,15,48,14
v95,30,49,36,37,21,41,48,22,20,9,17,48,22,43,19,40,30,47,39,12,25,12,57,27,17,45,20,47,3,34,41,44,20,46,17,6,50,38,36,53,14,28,23,21,18,37,36,46,29,5,42,44,5,44,43,41,18,22,26,27,12,35,14,15,16,48,41,53,40,52,39,46,31,59,16,52,24,34,23,33,16,26,19,23,61,24,9,40,51,28,20,52,33,35,0,11,36,25,23,49,55,42,24,33,57,30,34,29,29,44,11,21,27,6,21,18,33,40,17,8,8,34,63,55,31,40,21,24,10,64,41,23,58,23,7,32,28,5,14,38,26,59,18,70,35,17,54,55,30,49,48,42,1,57,29,11,24,50,19,45
v96,19,50,37,26,20,42,49,23,21,20,10,49,23,44,30,41,31,48,28,23,14,11,46,18,16,34,9,48,12,35,30,33,21,35,16,5,39,27,37,42,21,27,22,20,19,38,29,35,30,10,43,45,6,45,44,30,19,23,25,16,13,24,13,26,23,37,40,42,29,41,28,47,32,60,17,53,35,35,22,34,15,25,20,22,50,25,4,29,52,29,19,41,22,36,11,0,25,22,22,38,56,31,13,34,46,19,33,30,18,33,10,22,22,7,26,11,34,29,22,9,3,23,52,44,30,29,32,17,3,53,30,22,47,24,6,31,29,16,23,39,17,48,29,59,36,18,55,56,31,38,49,31,12,46,30,10,23,51,12,38
v97,16,37,28,7,33,29,36,34,36,45,19,36,42,31,55,28,18,35,19,48,11,24,21,9,33,23,16,35,37,22,17,14,44,10,29,30,20,34,24,17,46,40,35,33,28,29,16,10,33,35,30,32,31,32,31,15,24,48,12,9,26,35,22,51,48,12,27,19,4,16,3,34,19,47,24,40,60,34,13,39,34,38,25,35,25,30,27,4,39,40,32,16,15,23,36,25,0,11,35,25,43,8,12,37,21,6,20,17,7,12,33,33,35,32,51,24,27,16,47,32,28,28,27,19,43,18,57,12,26,28,9,35,22,33,29,44,32,41,48,26,10,23,54,34,29,19,42,43,40,13,36,14,37,21,43,25,36,38,25,25
v98,25,28,17,12,42,20,27,23,25,34,12,27,31,22,44,19,9,26,28,37,8,33,32,4,38,32,25,26,26,13,26,23,33,21,38,21,29,43,15,28,35,49,44,42,17,18,11,21,22,26,21,23,22,23,22,16,13,37,3,18,15,44,11,40,37,23,18,28,15,27,14,25,10,38,13,31,49,23,2,28,37,47,14,44,36,19,26,15,30,29,41,27,24,14,25,22,11,0,44,34,34,17,21,26,32,15,11,8,10,19,32,22,44,21,40,33,16,15,36,21,19,37,38,30,52,27,46,5,19,39,18,44,33,22,28,53,21,30,37,17,5,34,43,45,18,8,33,34,29,24,27,17,26,32,32,14,45,29,34,20
v99,19,72,59,42,6,64,71,45,43,32,32,71,45,66,42,63,53,70,16,35,36,11,34,40,20,22,19,70,26,57,18,21,43,35,12,23,27,15,59,46,37,9,2,14,41,60,51,25,52,22,65,67,22,67,66,50,41,45,47,26,35,12,35,38,39,31,62,54,39,29,32,69,54,82,39,75,47,57,44,56,21,9,42,6,38,47,18,35,74,51,17,41,20,58,23,22,35,44,0,26,78,27,23,56,34,29,55,52,34,47,20,44,4,29,44,11,56,51,40,31,25,11,40,42,8,17,44,39,25,41,26,12,35,46,16,9,51,28,37,61,39,36,41,47,58,40,77,78,53,46,71,49,24,36,52,32,1,73,10,60
v100,19,62,49,32,32,54,61,47,49,58,32,61,55,56,68,53,43,60,10,61,26,37,12,30,46,4,29,60,50,47,8,11,57,25,38,43,5,11,49,36,59,35,28,40,41,50,41,15,46,48,55,57,44,57,56,40,37,61,37,22,39,14,35,64,61,21,52,44,29,17,22,59,44,72,37,65,73,47,34,52,47,35,38,32,20,43,40,25,64,53,43,31,16,48,49,38,25,34,26,0,68,17,25,50,8,19,45,42,24,37,46,46,22,45,64,31,46,41,60,45,41,15,30,32,30,9,70,29,39,21,16,38,17,46,42,31,45,54,61,51,29,10,67,21,48,32,67,68,53,36,61,39,50,26,56,38,27,63,30,50
v101,59,6,21,36,76,14,11,33,35,46,46,7,35,12,48,15,25,8,62,43,42,67,56,38,72,66,59,14,52,21,60,57,37,43,72,55,63,77,19,32,41,83,78,76,37,22,27,53,26,60,13,21,56,11,12,28,37,41,31,52,43,78,43,52,41,47,16,24,39,51,46,17,24,6,39,11,53,27,34,32,71,81,36,78,48,31,60,43,12,33,75,37,58,20,55,56,43,34,78,68,0,51,55,30,60,49,23,26,44,31,66,34,78,49,44,67,22,27,40,47,53,71,38,36,86,61,50,39,53,47,52,78,51,32,62,87,27,56,41,17,39,58,47,47,22,38,1,8,33,32,7,29,56,42,36,46,79,5,68,18
v102,12,45,34,15,25,37,44,40,42,51,25,44,48,39,61,36,26,43,11,54,17,30,15,15,39,15,22,43,43,30,9,6,50,8,31,36,12,26,32,19,52,32,27,33,34,35,24,4,39,41,38,40,37,40,39,23,30,54,20,15,32,27,28,57,54,6,35,27,12,10,5,42,27,55,30,48,66,40,19,45,40,30,31,27,19,36,33,8,47,46,36,14,9,31,42,31,8,17,27,17,51,0,18,43,15,12,28,25,13,20,39,39,27,38,57,24,33,24,53,38,34,20,21,15,35,10,63,18,32,22,1,31,16,39,35,36,38,47,54,34,16,17,60,28,35,25,50,51,46,19,44,22,43,15,49,31,28,46,23,33
v103,6,49,36,19,21,41,48,22,24,33,9,48,30,43,43,40,30,47,15,36,13,12,33,17,21,21,4,47,25,34,17,20,32,22,17,18,26,22,36,29,34,28,23,21,18,37,28,22,29,23,42,44,19,44,43,27,18,36,24,3,14,23,12,39,36,24,39,31,16,28,15,46,31,59,16,52,48,34,21,33,22,26,19,23,37,24,15,16,51,28,20,28,9,35,24,13,12,21,23,25,55,18,0,33,33,6,32,29,11,24,21,21,23,20,39,12,33,28,35,20,16,16,39,31,31,16,45,16,14,40,17,23,34,23,17,32,28,29,36,38,16,35,42,46,35,17,54,55,30,25,48,26,25,33,31,13,24,50,13,37
v104,37,34,9,38,54,40,19,11,13,24,24,31,11,32,18,33,19,30,40,21,26,45,58,28,50,46,37,16,30,33,42,45,13,47,50,33,51,55,35,54,19,61,56,54,15,8,37,47,4,38,43,11,34,21,22,42,15,11,27,30,21,56,21,30,17,49,42,54,41,53,40,13,22,26,17,19,23,3,24,2,49,59,14,56,62,9,38,41,18,5,53,53,36,32,33,34,37,26,56,50,30,43,33,0,58,31,35,22,30,45,44,12,56,27,14,45,10,41,16,25,31,49,64,56,64,41,24,25,31,65,42,56,59,10,40,65,5,34,19,25,27,60,23,71,8,18,29,22,3,50,33,43,34,58,6,24,57,35,46,46
v105,27,54,49,24,40,46,53,55,57,66,40,53,63,48,76,45,39,52,18,69,32,45,4,30,54,12,37,52,58,39,16,13,65,17,46,51,7,19,41,28,67,43,36,48,49,50,33,11,54,56,47,49,52,49,48,32,45,69,31,30,47,22,43,72,69,13,44,36,21,9,18,51,36,64,45,57,81,55,34,60,55,43,46,40,12,51,48,17,56,61,51,23,24,40,57,46,21,32,34,8,60,15,33,58,0,27,37,36,28,29,54,54,30,53,72,39,48,33,68,53,49,23,22,24,38,17,78,33,47,13,16,46,9,54,50,39,53,62,69,43,31,2,75,13,50,40,59,60,61,28,53,31,58,18,64,46,35,55,38,42
v106,10,43,30,13,27,35,42,28,30,39,13,42,36,37,49,34,24,41,13,42,7,18,27,11,27,17,10,41,31,28,11,14,38,16,23,24,20,28,30,23,40,34,29,27,22,31,22,16,27,29,36,38,25,38,37,21,18,42,18,3,20,29,16,45,42,18,33,25,10,22,9,40,25,53,18,46,54,28,15,33,28,32,19,29,31,24,21,10,45,34,26,22,9,29,30,19,6,15,29,19,49,12,6,31,27,0,26,23,5,18,27,27,29,26,45,18,27,22,41,26,22,22,33,25,37,12,51,10,20,34,11,29,28,27,23,38,26,35,42,32,10,29,48,40,29,13,48,49,34,19,42,20,31,27,37,19,30,44,19,31
v107,36,17,26,13,53,9,16,32,34,43,23,16,40,11,53,8,16,15,39,46,19,44,33,15,49,43,36,19,35,2,37,34,42,20,49,32,40,54,4,19,44,60,55,53,26,27,4,30,31,37,10,26,33,14,13,7,22,46,8,29,24,55,20,49,46,24,7,19,16,28,23,22,13,27,22,20,58,32,11,37,48,58,23,55,27,28,37,20,19,38,52,18,35,3,34,33,20,11,55,45,23,28,32,35,37,26,0,13,21,10,43,31,55,30,49,44,25,6,45,30,30,48,29,21,63,38,55,16,30,30,29,55,28,31,39,64,30,39,46,10,16,35,52,36,27,17,22,23,38,15,16,8,35,23,41,23,56,18,45,11
v108,33,20,13,16,50,18,19,19,21,30,20,19,27,14,40,11,3,18,36,33,16,41,36,12,46,40,33,18,26,11,34,31,29,25,46,29,37,51,13,32,31,57,52,50,13,14,15,27,18,34,21,15,30,15,14,20,11,33,5,26,17,52,17,36,33,27,20,32,19,31,20,17,2,30,13,23,45,19,8,24,45,55,10,52,40,15,34,19,22,25,49,31,32,10,29,30,17,8,52,42,26,25,29,22,36,23,13,0,18,23,40,18,52,23,36,41,12,19,32,21,27,45,42,34,60,35,42,13,27,43,26,52,37,18,36,61,17,30,33,9,13,38,39,49,14,12,25,26,25,28,19,21,30,36,28,20,53,21,42,24
v109,15,38,25,8,32,30,37,27,29,38,12,37,35,32,48,29,19,36,18,41,4,23,28,6,28,22,15,36,30,23,16,15,37,17,28,23,21,33,25,24,39,39,34,32,21,26,17,17,26,28,31,33,24,33,32,16,17,41,13,8,19,34,15,44,41,19,28,24,11,23,10,35,20,48,17,41,53,27,10,32,27,37,18,34,32,23,20,11,40,33,31,23,14,24,29,18,7,10,34,24,44,13,11,30,28,5,21,18,0,15,26,26,34,25,44,23,22,17,40,25,21,27,34,26,42,17,50,5,19,35,12,34,29,26,22,43,25,34,41,27,5,30,47,41,24,12,43,44,33,20,37,15,30,28,36,18,35,39,24,26
v110,28,25,36,7,45,17,26,42,44,53,27,24,50,19,63,16,26,23,31,56,19,36,25,17,41,35,28,29,45,12,29,26,52,12,41,38,32,46,12,9,54,52,47,45,36,37,8,22,41,43,18,36,39,24,23,3,32,56,18,21,34,47,30,59,56,16,15,9,8,20,15,32,23,35,32,28,68,42,21,47,42,50,33,47,17,38,35,12,27,48,44,8,27,13,44,33,12,19,47,37,31,20,24,45,29,18,10,23,15,0,41,41,47,40,59,36,35,4,55,40,36,40,19,11,55,30,65,20,34,20,21,47,20,41,37,56,40,49,56,20,18,27,62,26,37,27,30,31,48,5,24,2,45,13,51,33,48,26,37,13
v111,27,60,47,34,14,52,59,33,31,20,20,59,33,54,26,51,41,58,36,23,24,9,54,28,6,42,17,58,14,45,38,41,31,43,8,11,47,35,47,50,25,17,18,10,29,48,39,43,40,6,53,55,10,55,54,38,29,33,35,24,23,32,23,18,27,45,50,50,37,49,36,57,42,70,27,63,27,45,32,44,5,15,30,14,58,35,6,37,62,39,9,49,30,46,11,10,33,32,20,46,66,39,21,44,54,27,43,40,26,41,0,32,24,17,32,15,44,39,28,19,13,31,60,52,20,37,24,27,13,61,38,12,55,34,4,21,39,10,25,49,27,56,21,67,46,28,65,66,41,46,59,39,10,54,40,20,19,61,16,48
v112,27,30,15,34,42,36,27,1,3,12,14,27,9,28,22,29,15,26,36,15,22,33,54,24,38,42,25,26,18,29,38,41,11,43,38,21,47,43,31,50,13,49,44,42,5,16,33,43,8,26,39,23,22,23,22,38,9,15,23,24,9,44,11,18,15,45,38,50,37,49,36,25,18,38,9,31,27,13,20,12,37,47,8,44,58,3,26,37,30,7,41,49,30,28,21,22,33,22,44,46,34,39,21,12,54,27,31,18,26,41,32,0,44,15,18,33,12,37,14,13,19,37,60,52,52,37,24,21,19,61,38,44,55,2,28,53,7,22,15,21,23,56,21,67,14,14,33,34,9,46,29,39,22,54,10,12,45,31,34,42
v113,19,72,59,42,10,64,71,45,43,36,32,71,45,66,46,63,53,70,16,39,36,15,30,40,24,18,19,70,28,57,18,21,43,35,16,23,23,11,59,46,37,13,6,18,41,60,51,25,52,26,65,67,22,67,66,50,41,45,47,26,35,8,35,42,39,31,62,54,39,27,32,69,54,82,39,75,51,57,44,56,25,13,42,10,34,47,18,35,74,51,21,41,20,58,27,22,35,44,4,22,78,27,23,56,30,29,55,52,34,47,24,44,0,29,44,11,56,51,40,31,25,7,40,42,8,17,48,39,25,37,26,16,31,46,20,9,51,32,39,61,39,32,45,43,58,40,77,78,53,46,71,49,28,36,52,32,5,73,10,60
v114,26,43,30,33,27,35,42,16,14,13,13,42,16,37,23,34,24,41,35,16,21,18,53,23,23,41,16,41,5,28,37,40,14,42,23,6,46,34,30,49,14,34,29,27,12,31,32,42,23,11,38,38,7,38,37,37,12,16,22,23,6,31,10,19,16,44,37,49,36,48,35,40,25,53,10,46,28,28,19,27,22,32,13,29,57,18,11,36,45,22,26,48,29,29,6,7,32,21,29,45,49,38,20,27,53,26,30,23,25,40,17,15,29,0,19,18,27,36,15,2,4,30,59,51,37,36,25,20,6,60,37,29,54,17,13,38,22,9,16,32,22,55,22,66,29,13,48,49,24,45,42,38,7,53,23,7,30,44,19,41
v115,45,48,23,52,42,54,33,17,15,12,32,45,9,46,6,47,33,44,54,9,40,33,72,42,38,60,35,30,18,47,56,59,7,61,38,21,65,53,49,68,7,49,44,42,23,22,51,61,18,26,57,23,22,35,36,56,27,3,41,42,25,50,29,18,5,63,56,68,55,67,54,27,36,38,27,33,11,17,38,12,37,47,26,44,76,21,26,55,32,11,41,67,48,46,21,26,51,40,44,64,44,57,39,14,72,45,49,36,44,59,32,18,44,19,0,33,24,55,4,19,23,49,78,70,52,55,12,39,25,79,56,44,73,18,28,53,19,22,7,39,41,74,11,85,22,32,43,36,11,64,47,57,22,72,8,26,45,49,34,60
v116,12,61,48,31,9,53,60,34,32,27,21,60,34,55,37,52,42,59,21,30,25,6,39,29,15,27,8,59,19,46,23,26,32,28,7,12,32,20,48,35,28,16,11,9,30,49,40,28,41,17,54,56,13,56,55,39,30,34,36,15,24,17,24,33,30,30,51,43,28,34,21,58,43,71,28,64,42,46,33,45,16,14,31,11,43,36,9,24,63,40,12,34,15,47,18,11,24,33,11,31,67,24,12,45,39,18,44,41,23,36,15,33,11,18,33,0,45,40,29,20,14,16,45,37,19,22,39,28,14,46,23,11,40,35,11,20,40,23,30,50,28,41,36,52,47,29,66,67,42,35,60,38,19,39,41,21,12,62,1,49
v117,37,24,3,28,54,30,15,11,13,24,24,21,15,22,28,23,9,20,40,21,20,45,48,18,50,44,37,14,30,23,38,35,17,37,50,33,41,55,25,44,19,61,56,54,15,4,27,37,6,38,33,11,34,11,12,32,15,21,17,30,21,56,21,30,21,39,32,44,31,43,30,13,12,26,17,19,33,7,14,12,49,59,14,56,52,9,38,31,18,13,53,43,36,22,33,34,27,16,56,46,22,33,33,10,48,27,25,12,22,35,44,12,56,27,24,45,0,31,20,25,31,49,54,46,64,39,30,17,31,55,32,56,49,10,40,65,5,34,21,15,17,50,27,61,2,16,21,22,13,40,23,33,34,48,16,24,57,25,46,36
v118,32,21,32,9,49,13,22,38,40,49,23,20,46,15,59,12,22,19,35,52,15,40,29,13,45,39,32,25,41,8,33,30,48,16,45,34,36,50,8,13,50,56,51,49,32,33,4,26,37,39,14,32,35,20,19,1,28,52,14,25,30,51,26,55,52,20,11,13,12,24,19,28,19,31,28,24,64,38,17,43,44,54,29,51,21,34,33,16,23,44,48,12,31,9,40,29,16,15,51,41,27,24,28,41,33,22,6,19,17,4,39,37,51,36,55,40,31,0,51,36,32,44,23,15,59,34,61,16,30,24,25,51,24,37,35,60,36,45,52,16,14,31,58,30,33,23,26,27,44,9,20,2,41,17,47,29,52,22,41,9
v119,41,44,19,48,38,50,31,13,11,8,28,41,5,42,8,43,29,40,50,5,36,29,68,38,34,56,31,30,14,43,52,55,3,57,34,17,61,49,45,64,3,45,40,38,19,20,47,57,14,22,53,27,18,31,32,52,23,5,37,38,21,46,25,14,1,59,52,64,51,63,50,29,32,42,23,35,13,17,34,16,33,43,22,40,72,17,22,51,34,11,37,63,44,42,17,22,47,36,40,60,40,53,35,16,68,41,45,32,40,55,28,14,40,15,4,29,20,51,0,15,19,45,74,66,48,51,10,35,21,75,52,40,69,14,24,49,15,18,3,35,37,70,7,81,18,28,39,38,13,60,43,53,18,68,12,22,41,45,30,56
v120,26,41,28,33,29,35,40,14,12,13,13,40,14,35,23,32,22,39,35,16,21,20,53,23,25,41,16,39,5,28,37,40,12,42,25,8,46,34,30,49,14,36,31,29,10,29,32,42,21,13,38,36,9,36,35,37,10,16,22,23,6,31,10,19,16,44,37,49,36,48,35,38,23,51,8,44,28,26,19,25,24,34,11,31,57,16,13,36,43,20,28,48,29,27,8,9,32,21,31,45,47,38,20,25,53,26,30,21,25,40,19,13,31,2,19,20,25,36,15,0,6,30,59,51,39,36,25,20,6,60,37,31,54,15,15,40,20,9,16,30,22,55,22,66,27,13,46,47,22,45,40,38,9,53,21,7,32,42,21,41
v121,22,47,34,29,23,39,46,20,18,17,9,46,20,41,27,38,28,45,31,20,17,14,49,19,19,37,12,45,9,32,33,36,18,38,19,2,42,30,34,45,18,30,25,23,16,35,28,38,27,7,40,42,3,42,41,33,16,20,22,19,10,27,10,23,20,40,37,45,32,44,31,44,29,57,14,50,32,32,19,31,18,28,17,25,53,22,7,32,49,26,22,44,25,33,8,3,28,19,25,41,53,34,16,31,49,22,30,27,21,36,13,19,25,4,23,14,31,32,19,6,0,26,55,47,33,32,29,16,2,56,33,25,50,21,9,34,26,13,20,36,18,51,26,62,33,15,52,53,28,41,46,34,9,49,27,7,26,48,15,37
v122,12,65,52,35,17,57,64,38,36,43,25,64,40,59,53,56,46,63,9,46,29,22,23,33,31,11,14,63,35,50,11,14,42,28,23,28,16,6,52,39,44,20,13,25,34,53,44,18,45,33,58,60,29,60,59,43,34,46,40,19,28,7,28,49,46,24,55,47,32,20,25,62,47,75,32,68,58,50,37,49,32,20,35,17,27,40,25,28,67,44,28,34,13,51,34,23,28,37,11,15,71,20,16,49,23,22,48,45,27,40,31,37,7,30,49,16,49,44,45,30,26,0,33,35,15,10,55,32,24,30,19,23,24,39,27,16,44,39,46,54,32,25,52,36,51,33,70,71,46,39,64,42,35,29,45,25,12,66,15,53
v123,33,32,55,26,46,24,45,61,63,72,46,33,69,32,82,31,45,34,24,75,38,51,18,36,60,28,43,48,64,31,22,19,71,17,52,57,25,39,29,10,73,49,42,54,55,56,27,17,60,62,25,55,58,43,42,22,51,75,37,36,53,40,49,78,75,15,22,14,23,13,24,51,42,42,51,45,87,61,40,66,61,49,52,46,10,57,54,23,46,67,57,11,30,32,63,52,27,38,40,30,38,21,39,64,22,33,29,42,34,19,60,60,40,59,78,45,54,23,74,59,55,33,0,8,48,23,84,39,53,9,22,52,13,60,56,49,59,68,75,39,37,20,81,9,56,46,37,42,67,14,31,21,64,6,70,52,41,33,44,20
v124,25,30,47,18,40,22,37,53,55,64,38,29,61,24,74,23,37,28,26,67,30,43,20,28,52,30,35,40,56,23,24,21,63,9,44,49,27,41,21,4,65,47,42,46,47,48,19,17,52,54,23,47,50,35,34,14,43,67,29,28,45,42,41,70,67,11,20,12,15,15,16,43,34,40,43,37,79,53,32,58,53,45,44,42,12,49,46,15,38,59,49,3,22,24,55,44,19,30,42,32,36,15,31,56,24,25,21,34,26,11,52,52,42,51,70,37,46,15,66,51,47,35,8,0,50,25,76,31,45,11,16,44,15,52,48,51,51,60,67,31,29,22,73,15,48,38,35,36,59,6,29,13,56,6,62,44,43,31,36,18
v125,27,80,67,50,10,72,79,53,51,40,40,79,53,74,46,71,61,78,24,43,44,19,38,48,16,26,27,78,34,65,26,29,51,43,14,31,31,19,67,54,45,5,8,10,49,68,59,33,60,26,73,75,30,75,74,58,49,53,55,34,43,16,43,34,47,39,70,62,47,35,40,77,62,90,47,83,43,65,52,64,17,5,50,8,42,55,26,43,82,59,13,49,28,66,31,30,43,52,8,30,86,35,31,64,38,37,63,60,42,55,20,52,8,37,52,19,64,59,48,39,33,15,48,50,0,25,40,47,33,45,34,8,39,54,24,1,59,30,45,69,47,40,41,51,66,48,85,86,61,54,79,57,30,44,60,40,7,81,18,68
v126,10,55,42,25,23,47,54,38,40,49,23,54,46,49,59,46,36,53,1,52,19,28,17,23,37,5,20,53,41,40,1,4,48,18,29,34,10,16,42,29,50,26,19,31,32,43,34,8,37,39,48,50,35,50,49,33,28,52,30,13,30,17,26,55,52,14,45,37,22,12,15,52,37,65,28,58,64,40,27,43,38,26,29,23,21,34,31,18,57,44,34,24,7,41,40,29,18,27,17,9,61,10,16,41,17,12,38,35,17,30,37,37,17,36,55,22,39,34,51,36,32,10,23,25,25,0,61,22,30,24,9,29,18,37,33,26,36,45,52,44,22,19,58,30,41,23,60,61,44,29,54,32,41,19,47,29,18,56,21,43
v127,51,54,29,58,38,60,39,23,21,12,38,51,15,52,6,53,39,50,60,9,46,33,78,48,26,66,41,38,20,53,62,65,13,67,32,27,71,59,55,74,11,37,42,30,29,28,57,67,24,22,63,35,26,41,42,62,33,13,47,48,31,56,35,6,9,69,62,74,61,73,60,37,42,50,33,43,3,25,44,24,25,35,32,38,82,27,30,61,42,19,29,73,54,52,21,32,57,46,44,70,50,63,45,24,78,51,55,42,50,65,24,24,48,25,12,39,30,61,10,25,29,55,84,76,40,61,0,45,31,85,62,32,79,24,28,41,25,16,9,45,47,80,3,91,28,38,49,46,21,70,53,63,20,78,20,32,43,55,40,66
v128,20,33,20,13,37,25,32,22,24,33,7,32,30,27,43,24,14,31,23,36,3,28,33,3,33,27,20,31,25,18,21,20,32,22,33,18,26,38,20,29,34,44,39,37,16,21,12,22,21,23,26,28,19,28,27,17,12,36,8,13,14,39,10,39,36,24,23,29,16,28,15,30,15,43,12,36,48,22,5,27,32,42,13,39,37,18,21,16,35,28,36,28,19,19,24,17,12,5,39,29,39,18,16,25,33,10,16,13,5,20,27,21,39,20,39,28,17,16,35,20,16,32,39,31,47,22,45,0,14,40,17,39,34,21,23,48,20,29,36,22,2,35,42,46,19,7,38,39,28,25,32,18,25,33,31,13,40,34,29,21
v129,20,47,34,27,23,39,46,20,18,19,7,46,20,41,29,38,28,45,29,22,15,14,47,17,19,35,10,45,11,32,31,34,18,36,19,4,40,28,34,43,20,30,25,23,16,35,26,36,27,9,40,42,5,42,41,31,16,22,22,17,10,25,10,25,22,38,37,43,30,42,29,44,29,57,14,50,34,32,19,31,18,28,17,25,51,22,7,30,49,26,22,42,23,33,10,3,26,19,25,39,53,32,14,31,47,20,30,27,19,34,13,19,25,6,25,14,31,30,21,6,2,24,53,45,33,30,31,14,0,54,31,25,48,21,9,34,26,15,22,36,16,49,28,60,33,15,52,53,28,39,46,32,11,47,27,7,26,48,15,35
v130,34,41,56,27,47,33,46,62,64,73,47,40,70,35,83,32,46,39,25,76,39,52,9,37,61,19,44,49,65,32,23,20,72,18,53,58,16,30,30,15,74,50,43,55,56,57,28,18,61,63,34,56,59,44,43,23,52,76,38,37,54,31,50,79,76,16,31,23,24,12,25,52,43,51,52,46,88,62,41,67,62,50,53,47,3,58,55,24,47,68,58,12,31,33,64,53,28,39,41,21,47,22,40,65,13,34,30,43,35,20,61,61,37,60,79,46,55,24,75,60,56,30,9,11,45,24,85,40,54,0,23,53,6,61,57,46,60,69,76,40,38,11,82,6,57,47,46,47,68,15,40,22,65,7,71,53,42,42,45,29
v131,11,46,33,16,24,38,45,39,41,50,24,45,47,40,60,37,27,44,10,53,16,29,16,14,38,14,21,44,42,31,8,5,49,9,30,35,11,25,33,20,51,31,26,32,33,34,25,5,38,40,39,41,36,41,40,24,29,53,21,14,31,26,27,56,53,7,36,28,13,11,6,43,28,56,29,49,65,39,18,44,39,29,30,26,20,35,32,9,48,45,35,15,8,32,41,30,9,18,26,16,52,1,17,42,16,11,29,26,12,21,38,38,26,37,56,23,32,25,52,37,33,19,22,16,34,9,62,17,31,23,0,30,17,38,34,35,37,46,53,35,15,18,59,29,34,24,51,52,45,20,45,23,42,16,48,30,27,47,22,34
v132,19,72,59,42,6,64,71,45,43,32,32,71,45,66,38,63,53,70,28,35,36,11,46,40,8,34,19,70,26,57,30,33,43,35,6,23,39,27,59,46,37,5,10,2,41,60,51,35,52,18,65,67,22,67,66,50,41,45,47,26,35,24,35,26,39,37,62,54,39,41,32,69,54,82,39,75,35,57,44,56,9,3,42,6,50,47,18,35,74,51,5,41,22,58,23,22,35,44,12,38,78,31,23,56,46,29,55,52,34,47,12,44,16,29,44,11,56,51,40,31,25,23,52,44,8,29,32,39,25,53,30,0,47,46,16,9,51,22,37,61,39,48,33,59,58,40,77,78,53,46,71,49,22,46,52,32,11,73,10,60
v133,28,45,50,21,41,37,44,56,58,67,41,44,64,39,77,36,40,43,19,70,33,46,5,31,55,15,38,43,59,30,17,14,66,12,47,52,12,26,32,19,68,44,37,49,50,51,24,12,55,57,38,50,53,40,39,23,46,70,32,31,48,27,44,73,70,10,35,27,18,6,19,46,37,55,46,48,82,56,35,61,56,44,47,41,3,52,49,18,47,62,52,14,25,31,58,47,22,33,35,17,51,16,34,59,9,28,28,37,29,20,55,55,31,54,73,40,49,24,69,54,50,24,13,15,39,18,79,34,48,6,17,47,0,55,51,40,54,63,70,34,32,7,76,12,51,41,50,51,62,19,44,22,59,9,65,47,36,46,39,33
v134,27,30,13,34,44,36,25,1,3,14,14,27,9,28,22,29,15,26,36,15,22,35,54,24,40,42,27,24,20,29,38,41,11,43,40,23,47,45,31,50,13,51,46,44,5,14,33,43,6,28,39,21,24,21,20,38,9,15,23,24,11,46,11,20,15,45,38,50,37,49,36,23,18,36,9,29,27,11,20,10,39,49,8,46,58,3,28,37,28,7,43,49,30,28,23,24,33,22,46,46,32,39,23,10,54,27,31,18,26,41,34,2,46,17,18,35,10,37,14,15,21,39,60,52,54,37,24,21,21,61,38,46,55,0,30,55,5,24,15,21,23,56,21,67,12,14,31,32,7,46,29,39,24,54,10,14,47,31,36,42
v135,23,56,43,30,14,48,55,29,27,16,16,55,29,50,26,47,37,54,32,19,20,5,50,24,10,38,13,54,10,41,34,37,27,39,10,7,43,31,43,46,21,21,16,14,25,44,35,39,36,6,49,51,6,51,50,34,25,29,31,20,19,28,19,22,23,41,46,46,33,45,32,53,38,66,23,59,31,41,28,40,9,19,26,16,54,31,2,33,58,35,13,45,26,42,7,6,29,28,16,42,62,35,17,40,50,23,39,36,22,37,4,28,20,13,28,11,40,35,24,15,9,27,56,48,24,33,28,23,9,57,34,16,51,30,0,25,35,12,21,45,23,52,25,63,42,24,61,62,37,42,55,35,8,50,36,16,17,57,12,44
v136,28,81,68,51,11,73,80,54,52,41,41,80,54,75,47,72,62,79,25,44,45,20,39,49,15,27,28,79,35,66,27,30,52,44,15,32,32,20,68,55,46,4,9,11,50,69,60,34,61,27,74,76,31,76,75,59,50,54,56,35,44,17,44,35,48,40,71,63,48,36,41,78,63,91,48,84,42,66,53,65,16,6,51,9,43,56,27,44,83,60,12,50,29,67,32,31,44,53,9,31,87,36,32,65,39,38,64,61,43,56,21,53,9,38,53,20,65,60,49,40,34,16,49,51,1,26,41,48,34,46,35,9,40,55,25,0,60,31,46,70,48,41,42,52,67,49,86,87,62,55,80,58,31,45,61,41,8,82,19,69
v137,32,29,8,33,49,35,20,6,8,19,19,26,10,27,23,28,14,25,35,16,21,40,53,23,45,41,32,19,25,28,37,40,12,42,45,28,46,50,30,49,14,56,51,49,10,9,32,42,1,33,38,16,29,16,17,37,10,16,22,25,16,51,16,25,16,44,37,49,36,48,35,18,17,31,12,24,28,6,19,7,44,54,9,51,57,4,33,36,23,8,48,48,31,27,28,29,32,21,51,45,27,38,28,5,53,26,30,17,25,40,39,7,51,22,19,40,5,36,15,20,26,44,59,51,59,36,25,20,26,60,37,51,54,5,35,60,0,29,16,20,22,55,22,66,7,13,26,27,8,45,28,38,29,53,11,19,52,30,41,41
v138,35,50,37,42,22,44,49,23,21,10,22,49,23,44,16,41,31,48,44,13,30,17,62,32,16,50,25,48,4,37,46,49,21,51,16,11,55,43,39,58,15,27,26,20,19,38,41,51,30,6,47,45,10,45,44,46,19,23,31,32,15,40,19,10,17,53,46,58,45,57,44,47,32,60,17,53,19,35,28,34,15,25,20,22,66,25,14,45,52,29,19,57,38,36,5,16,41,30,28,54,56,47,29,34,62,35,39,30,34,49,10,22,32,9,22,23,34,45,18,9,13,39,68,60,30,45,16,29,15,69,46,22,63,24,12,31,29,0,15,39,31,64,13,75,36,22,55,56,31,54,49,47,4,62,30,16,27,51,24,50
v139,42,45,22,49,35,51,34,14,12,5,29,42,8,43,7,44,30,41,51,2,37,26,69,39,31,57,32,33,11,44,53,56,6,58,31,18,62,50,46,65,2,42,37,35,20,23,48,58,15,19,54,30,17,32,33,53,24,8,38,39,22,47,26,11,2,60,53,65,52,64,51,32,33,45,24,38,12,20,35,19,30,40,23,37,73,18,21,52,37,14,34,64,45,43,14,23,48,37,37,61,41,54,36,19,69,42,46,33,41,56,25,15,39,16,7,30,21,52,3,16,20,46,75,67,45,52,9,36,22,76,53,37,70,15,21,46,16,15,0,36,38,71,6,82,21,29,40,41,16,61,44,54,15,69,15,23,38,46,31,57
v140,42,11,16,19,59,15,10,22,24,33,29,10,30,7,43,8,8,9,45,36,25,50,39,21,55,49,42,9,35,8,43,40,32,26,55,38,46,60,10,29,34,66,61,59,20,17,12,36,21,43,18,16,39,6,5,17,20,36,14,35,26,61,26,39,36,30,17,29,22,34,29,12,7,21,22,14,48,22,17,27,54,64,19,61,37,18,43,26,13,28,58,28,41,7,38,39,26,17,61,51,17,34,38,25,43,32,10,9,27,20,49,21,61,32,39,50,15,16,35,30,36,54,39,31,69,44,45,22,36,40,35,61,34,21,45,70,20,39,36,0,22,41,42,46,17,21,16,17,28,25,10,18,39,33,31,29,62,12,51,21
v141,20,33,20,11,37,25,32,24,26,35,9,32,32,27,45,24,14,31,23,38,3,28,31,1,33,27,20,31,27,18,21,18,34,20,33,20,24,38,20,27,36,44,39,37,18,21,12,20,23,25,26,28,21,28,27,15,14,38,8,13,16,39,12,41,38,22,23,27,14,26,13,30,15,43,14,36,50,24,5,29,32,42,15,39,35,20,21,14,35,30,36,26,19,19,26,17,10,5,39,29,39,16,16,27,31,10,16,13,5,18,27,23,39,22,41,28,17,14,37,22,18,32,37,29,47,22,47,2,16,38,15,39,32,23,23,48,22,31,38,22,0,33,44,44,19,9,38,39,30,23,32,16,27,31,33,15,40,34,29,21
v142,29,52,51,22,42,44,51,57,59,68,42,51,65,46,78,43,41,50,20,71,34,47,2,32,56,14,39,50,60,37,18,15,67,15,48,53,9,21,39,26,69,45,38,50,51,52,31,13,56,58,45,51,54,47,46,30,47,71,33,32,49,24,45,74,71,11,42,34,19,7,20,49,38,62,47,55,83,57,36,62,57,45,48,42,10,53,50,19,54,63,53,21,26,38,59,48,23,34,36,10,58,17,35,60,2,29,35,38,30,27,56,56,32,55,74,41,50,31,70,55,51,25,20,22,40,19,80,35,49,11,18,48,7,56,52,41,55,64,71,41,33,0,77,11,52,42,57,58,63,26,51,29,60,16,66,48,37,53,40,40
v143,48,51,26,55,35,57,38,20,18,9,35,48,12,49,5,50,36,47,57,6,43,30,75,45,27,63,38,37,17,50,59,62,10,64,29,24,68,56,52,71,8,38,39,31,26,27,54,64,21,19,60,34,23,38,39,59,30,12,44,45,28,53,32,7,6,66,59,71,58,70,57,36,39,49,30,42,6,24,41,23,26,36,29,35,79,24,27,58,41,18,30,70,51,49,18,29,54,43,41,67,47,60,42,23,75,48,52,39,47,62,21,21,45,22,11,36,27,58,7,22,26,52,81,73,41,58,3,42,28,82,59,33,76,21,25,42,22,13,6,42,44,77,0,88,25,35,46,45,20,67,50,60,17,75,19,29,40,52,37,63
v144,40,41,62,33,53,33,52,68,70,79,53,40,76,39,89,38,52,41,31,82,45,58,13,43,67,25,50,55,71,38,29,26,78,24,59,64,20,32,36,17,80,56,49,61,62,63,34,24,67,69,34,62,65,50,49,29,58,82,44,43,60,35,56,85,82,22,31,23,30,18,31,58,49,51,58,52,94,68,47,73,68,56,59,53,9,64,61,30,53,74,64,18,37,39,70,59,34,45,47,21,47,28,46,71,13,40,36,49,41,26,67,67,43,66,85,52,61,30,81,66,62,36,9,15,51,30,91,46,60,6,29,59,12,67,63,52,66,75,82,46,44,11,88,0,63,53,46,49,74,21,40,28,71,13,77,59,48,42,51,29
v145,39,26,1,30,56,32,13,13,15,26,26,23,13,24,26,25,11,22,42,23,22,47,50,20,52,46,39,12,32,25,40,37,15,39,52,35,43,57,27,46,21,63,58,56,17,2,29,39,6,40,35,9,36,13,14,34,17,19,19,32,23,58,23,32,19,41,34,46,33,45,32,11,14,24,19,17,31,5,16,10,51,61,16,58,54,11,40,33,16,11,55,45,38,24,35,36,29,18,58,48,22,35,35,8,50,29,27,14,24,37,46,14,58,29,22,47,2,33,18,27,33,51,56,48,66,41,28,19,33,57,34,58,51,12,42,67,7,36,21,17,19,52,25,63,0,18,21,20,11,42,25,35,36,50,14,26,59,27,48,38
v146,21,32,19,20,38,24,31,15,17,26,8,31,23,26,36,23,13,30,24,29,8,29,40,10,34,28,21,30,18,17,24,27,25,29,34,17,33,39,19,36,27,45,40,38,9,20,19,29,14,22,25,27,18,27,26,24,5,29,9,14,7,40,5,32,29,31,24,36,23,35,22,29,14,42,5,35,41,17,6,20,33,43,6,40,44,11,22,23,34,21,37,35,20,18,17,18,19,8,40,32,38,25,17,18,40,13,17,12,12,27,28,14,40,13,32,29,16,23,28,13,15,33,46,38,48,23,38,7,15,47,24,40,41,14,24,49,13,22,29,21,9,42,35,53,18,0,37,38,21,32,31,25,18,40,24,8,41,33,30,28
v147,58,5,20,35,75,13,10,32,34,45,45,6,34,11,47,14,24,7,61,42,41,66,55,37,71,65,58,13,51,20,59,56,36,42,71,54,62,76,18,31,40,82,77,75,36,21,26,52,25,59,14,20,55,10,11,27,36,40,30,51,42,77,42,51,40,46,15,25,38,50,45,16,23,5,38,10,52,26,33,31,70,80,35,77,47,30,59,42,11,32,74,36,57,19,54,55,42,33,77,67,1,50,54,29,59,48,22,25,43,30,65,33,77,48,43,66,21,26,39,46,52,70,37,35,85,60,49,38,52,46,51,77,50,31,61,86,26,55,40,16,38,57,46,46,21,37,0,7,32,31,6,28,55,41,35,45,78,6,67,17
v148,59,12,19,36,76,18,7,33,35,46,46,9,33,12,40,15,25,8,62,43,42,67,56,38,72,66,59,8,52,21,60,57,35,43,72,55,63,77,19,32,41,83,78,76,37,18,27,53,26,60,21,13,56,11,12,28,37,33,31,52,43,78,43,52,39,47,20,32,39,51,46,9,24,4,39,3,45,21,34,24,71,81,36,78,48,31,60,43,4,27,75,37,58,20,55,56,43,34,78,68,8,51,55,22,60,49,23,26,44,31,66,34,78,49,36,67,22,27,38,47,53,71,42,36,86,61,46,39,53,47,52,78,51,32,62,87,27,56,41,17,39,58,45,49,20,38,7,0,25,32,11,29,56,42,28,46,79,13,68,24
v149,34,37,12,41,51,43,22,8,10,21,21,34,8,35,15,36,22,33,43,18,29,42,61,31,47,49,34,19,27,36,45,48,10,50,47,30,54,52,38,57,16,58,53,51,12,11,40,50,7,35,46,14,31,24,25,45,16,8,30,31,18,53,18,27,14,52,45,57,44,56,43,16,25,29,16,22,20,6,27,3,46,56,15,53,65,10,35,44,21,2,50,56,37,35,30,31,40,29,53,53,33,46,30,3,61,34,38,25,33,48,41,9,53,24,11,42,13,44,13,22,28,46,67,59,61,44,21,28,28,68,45,53,62,7,37,62,8,31,16,28,30,63,20,74,11,21,32,25,0,53,36,46,31,61,3,21,54,38,43,49
v150,27,26,41,12,44,18,31,47,49,58,32,25,55,20,68,17,31,24,30,61,24,37,24,22,46,34,29,34,50,17,28,25,57,11,40,43,31,45,15,4,59,51,46,44,41,42,13,21,46,48,19,41,44,29,28,8,37,61,23,22,39,46,35,64,61,15,16,8,9,19,14,37,28,36,37,31,73,47,26,52,47,49,38,46,16,43,40,11,32,53,43,5,26,18,49,38,13,24,46,36,32,19,25,50,28,19,15,28,20,5,46,46,46,45,64,35,40,9,60,45,41,39,14,6,54,29,70,25,39,15,20,46,19,46,42,55,45,54,61,25,23,26,67,21,42,32,31,32,53,0,25,7,50,10,56,38,47,27,36,14
v151,52,1,24,29,69,7,14,30,32,41,39,2,38,5,51,8,18,3,55,44,35,60,49,31,65,59,52,17,45,14,53,50,40,36,65,48,56,70,12,25,42,76,71,69,30,25,20,46,29,53,10,24,49,12,11,21,30,44,24,45,36,71,36,47,44,40,9,21,32,44,39,20,17,11,32,14,56,30,27,35,64,74,29,71,41,26,53,36,15,36,68,30,51,13,48,49,36,27,71,61,7,44,48,33,53,42,16,19,37,24,59,29,71,42,47,60,23,20,43,40,46,64,31,29,79,54,53,32,46,40,45,71,44,29,55,80,28,49,44,10,32,51,50,40,25,31,6,11,36,25,0,22,49,35,39,39,72,2,61,13
v152,30,23,34,7,47,15,24,40,42,51,25,22,48,17,61,14,24,21,33,54,17,38,27,15,43,37,30,27,43,10,31,28,50,14,43,36,34,48,10,11,52,54,49,47,34,35,6,24,39,41,16,34,37,22,21,1,30,54,16,23,32,49,28,57,54,18,13,11,10,22,17,30,21,33,30,26,66,40,19,45,42,52,31,49,19,36,33,14,25,46,46,10,29,11,42,31,14,17,49,39,29,22,26,43,31,20,8,21,15,2,39,39,49,38,57,38,33,2,53,38,34,42,21,13,57,32,63,18,32,22,23,49,22,39,35,58,38,47,54,18,16,29,60,28,35,25,28,29,46,7,22,0,43,15,49,31,50,24,39,11
v153,31,50,37,38,20,42,49,23,21,10,18,49,23,44,18,41,31,48,40,13,26,13,58,28,16,46,21,48,4,35,42,45,21,47,16,7,51,39,37,54,15,27,22,20,19,38,37,47,30,4,43,45,6,45,44,42,19,23,27,28,13,36,15,14,17,49,42,54,41,53,40,47,32,60,17,53,23,35,24,34,15,25,20,22,62,25,10,41,52,29,19,53,34,36,1,12,37,26,24,50,56,43,25,34,58,31,35,30,30,45,10,22,28,7,22,19,34,41,18,9,9,35,64,56,30,41,20,25,11,65,42,22,59,24,8,31,29,4,15,39,27,60,17,71,36,18,55,56,31,50,49,43,0,58,30,12,23,51,20,46
v154,27,36,49,20,40,28,39,55,57,66,40,35,63,30,76,27,39,34,20,69,32,45,14,30,54,24,37,42,58,25,18,15,65,11,46,51,21,35,23,10,67,43,36,48,49,50,21,11,54,56,29,49,52,37,36,16,45,69,31,30,47,36,43,72,69,9,26,18,17,9,18,45,36,46,45,39,81,55,34,60,55,43,46,40,6,51,48,17,40,61,51,5,24,26,57,46,21,32,36,26,42,15,33,58,18,27,23,36,28,13,54,54,36,53,72,39,48,17,68,53,49,29,6,6,44,19,78,33,47,7,16,46,9,54,50,45,53,62,69,33,31,16,75,13,50,40,41,42,61,10,35,15,58,0,64,46,37,37,38,24
v155,37,40,15,44,50,46,25,9,9,20,24,37,7,38,14,39,25,36,46,17,32,41,64,34,46,52,33,22,26,39,48,51,9,53,46,29,57,51,41,60,15,57,52,50,15,14,43,53,10,34,49,15,30,27,28,48,19,7,33,34,17,52,21,26,13,55,48,60,47,59,46,19,28,30,19,25,19,9,30,4,45,55,18,52,68,13,34,47,24,3,49,59,40,38,29,30,43,32,52,56,36,49,31,6,64,37,41,28,36,51,40,10,52,23,8,41,16,47,12,21,27,45,70,62,60,47,20,31,27,71,48,52,65,10,36,61,11,30,15,31,33,66,19,77,14,24,35,28,3,56,39,49,30,64,0,20,53,41,42,52
v156,19,40,27,26,30,32,39,13,11,20,6,39,17,34,30,31,21,38,28,23,14,21,46,16,26,34,13,38,12,25,30,33,19,35,26,9,39,31,27,42,21,37,32,30,9,28,25,35,20,14,33,35,10,35,34,30,9,23,15,16,3,32,3,26,23,37,30,42,29,41,28,37,22,50,7,43,35,25,12,24,25,35,10,32,50,15,14,29,42,19,29,41,22,26,11,10,25,14,32,38,46,31,13,24,46,19,23,20,18,33,20,12,32,7,26,21,24,29,22,7,7,25,52,44,40,29,32,13,7,53,30,32,47,14,16,41,19,16,23,29,15,48,29,59,26,8,45,46,21,38,39,31,12,46,20,0,33,41,22,34
v157,20,73,60,43,5,65,72,46,44,33,33,72,46,67,41,64,54,71,17,36,37,12,35,41,19,23,20,71,27,58,19,22,44,36,11,24,28,16,60,47,38,8,1,13,42,61,52,26,53,21,66,68,23,68,67,51,42,46,48,27,36,13,36,37,40,32,63,55,40,30,33,70,55,83,40,76,46,58,45,57,20,8,43,5,39,48,19,36,75,52,16,42,21,59,24,23,36,45,1,27,79,28,24,57,35,30,56,53,35,48,19,45,5,30,45,12,57,52,41,32,26,12,41,43,7,18,43,40,26,42,27,11,36,47,17,8,52,27,38,62,40,37,40,48,59,41,78,79,54,47,72,50,23,37,53,33,0,74,11,61
v158,54,1,26,31,71,9,16,32,34,43,41,4,40,7,53,10,20,5,57,46,37,62,51,33,67,61,54,19,47,16,55,52,42,38,67,50,58,72,14,27,44,78,73,71,32,27,22,48,31,55,8,26,51,14,13,23,32,46,26,47,38,73,38,49,46,42,11,19,34,46,41,22,19,11,34,16,58,32,29,37,66,76,31,73,43,28,55,38,17,38,70,32,53,15,50,51,38,29,73,63,5,46,50,35,55,44,18,21,39,26,61,31,73,44,49,62,25,22,45,42,48,66,33,31,81,56,55,34,48,42,47,73,46,31,57,82,30,51,46,12,34,53,52,42,27,33,6,13,38,27,2,24,51,37,41,41,74,0,63,13
v159,11,62,49,32,8,54,61,35,33,28,22,61,35,56,38,53,43,60,20,31,26,7,38,30,16,26,9,60,20,47,22,25,33,27,8,13,31,19,49,36,29,15,10,10,31,50,41,27,42,18,55,57,14,57,56,40,31,35,37,16,25,16,25,34,31,29,52,44,29,33,22,59,44,72,29,65,43,47,34,46,17,13,32,10,42,37,10,25,64,41,13,33,14,48,19,12,25,34,10,30,68,23,13,46,38,19,45,42,24,37,16,34,10,19,34,1,46,41,30,21,15,15,44,36,18,21,40,29,15,45,22,10,39,36,12,19,41,24,31,51,29,40,37,51,48,30,67,68,43,36,61,39,20,38,42,22,11,63,0,50
v160,41,12,37,18,58,6,27,43,45,54,28,15,51,14,64,13,27,16,44,57,24,49,38,20,54,48,41,30,46,13,42,39,53,25,54,39,45,59,11,14,55,65,60,58,37,38,9,35,42,44,5,37,40,25,24,10,33,57,19,34,35,60,31,60,57,29,4,8,21,33,28,33,24,22,33,27,69,43,22,48,53,63,34,60,30,39,42,25,28,49,57,19,40,14,45,38,25,20,60,50,18,33,37,46,42,31,11,24,26,13,48,42,60,41,60,49,36,9,56,41,37,53,20,18,68,43,66,21,35,29,34,60,33,42,44,69,41,50,57,21,21,40,63,29,38,28,17,24,49,14,13,11,46,24,52,34,61,13,50,0
